1.454e-01,1.475e-01,1.497e-01,1.522e-01,1.547e-01,1.574e-01,1.601e-01,1.629e-01,1.657e-01,1.685e-01,1.713e-01,1.741e-01,1.768e-01,1.795e-01,1.820e-01,1.845e-01,1.869e-01,1.893e-01,1.914e-01,1.935e-01,1.955e-01,1.973e-01,1.990e-01,2.007e-01,2.022e-01,2.036e-01,2.048e-01,2.059e-01,2.069e-01,2.077e-01,2.083e-01,2.087e-01,2.089e-01,2.089e-01,2.088e-01,2.085e-01,2.083e-01,2.081e-01,2.081e-01,2.083e-01,2.088e-01,2.095e-01,2.102e-01,2.111e-01,2.118e-01,2.125e-01,2.130e-01,2.132e-01,2.133e-01,2.131e-01,2.126e-01,2.120e-01,2.112e-01,2.102e-01,2.091e-01,2.080e-01,2.069e-01,2.058e-01,2.048e-01,2.039e-01,2.031e-01,2.025e-01,2.022e-01,2.021e-01,2.023e-01,2.028e-01,2.036e-01,2.046e-01,2.057e-01,2.069e-01,2.081e-01,2.093e-01,2.106e-01,2.116e-01,2.127e-01,2.136e-01,2.144e-01,2.150e-01,2.156e-01,2.159e-01,2.162e-01,2.163e-01,2.164e-01,2.162e-01,2.160e-01,2.156e-01,2.152e-01,2.145e-01,2.139e-01,2.130e-01,2.123e-01,2.113e-01,2.105e-01,2.095e-01,2.086e-01,2.075e-01,2.066e-01,2.054e-01,2.044e-01,2.031e-01,2.020e-01,2.006e-01,1.993e-01,1.977e-01,1.964e-01,1.947e-01,1.933e-01,1.916e-01,1.901e-01,1.884e-01,1.870e-01,1.853e-01,1.840e-01,1.824e-01,1.811e-01,1.797e-01,1.785e-01,1.771e-01,1.760e-01,1.747e-01,1.738e-01,1.727e-01,1.720e-01,1.712e-01,1.707e-01,1.702e-01,1.701e-01,1.697e-01,1.697e-01,1.695e-01,1.695e-01,1.692e-01,1.692e-01,1.689e-01,1.688e-01,1.685e-01,1.683e-01,1.680e-01,1.677e-01,1.673e-01,1.669e-01,1.664e-01,1.659e-01,1.654e-01,1.649e-01,1.643e-01,1.639e-01,1.634e-01,1.629e-01,1.625e-01,1.621e-01,1.617e-01,1.614e-01,1.612e-01,1.610e-01,1.609e-01,1.608e-01,1.607e-01,1.606e-01,1.604e-01,1.602e-01,1.599e-01,1.595e-01,1.589e-01,1.582e-01,1.573e-01,1.563e-01,1.552e-01,1.541e-01,1.529e-01,1.517e-01,1.507e-01,1.497e-01,1.488e-01,1.479e-01,1.471e-01,1.463e-01,1.454e-01,1.444e-01,1.433e-01,1.421e-01,1.409e-01,1.396e-01,1.385e-01,1.376e-01,1.369e-01,1.364e-01,1.362e-01,1.362e-01,1.364e-01,1.367e-01,1.370e-01,1.374e-01,1.379e-01,1.384e-01,1.390e-01,1.398e-01,1.409e-01,1.421e-01,1.437e-01
1.454e-01,1.474e-01,1.496e-01,1.521e-01,1.545e-01,1.572e-01,1.599e-01,1.627e-01,1.655e-01,1.683e-01,1.711e-01,1.739e-01,1.766e-01,1.793e-01,1.819e-01,1.845e-01,1.869e-01,1.892e-01,1.914e-01,1.935e-01,1.954e-01,1.974e-01,1.990e-01,2.006e-01,2.021e-01,2.035e-01,2.047e-01,2.058e-01,2.068e-01,2.076e-01,2.082e-01,2.086e-01,2.088e-01,2.089e-01,2.087e-01,2.085e-01,2.083e-01,2.082e-01,2.082e-01,2.085e-01,2.090e-01,2.097e-01,2.105e-01,2.114e-01,2.122e-01,2.129e-01,2.134e-01,2.137e-01,2.137e-01,2.136e-01,2.131e-01,2.125e-01,2.117e-01,2.107e-01,2.096e-01,2.085e-01,2.074e-01,2.063e-01,2.052e-01,2.042e-01,2.034e-01,2.027e-01,2.023e-01,2.021e-01,2.022e-01,2.026e-01,2.032e-01,2.040e-01,2.050e-01,2.060e-01,2.071e-01,2.081e-01,2.092e-01,2.102e-01,2.111e-01,2.119e-01,2.127e-01,2.133e-01,2.139e-01,2.142e-01,2.147e-01,2.149e-01,2.151e-01,2.152e-01,2.152e-01,2.150e-01,2.149e-01,2.145e-01,2.141e-01,2.135e-01,2.131e-01,2.123e-01,2.117e-01,2.109e-01,2.103e-01,2.093e-01,2.085e-01,2.075e-01,2.065e-01,2.052e-01,2.041e-01,2.026e-01,2.013e-01,1.996e-01,1.981e-01,1.963e-01,1.948e-01,1.929e-01,1.912e-01,1.893e-01,1.877e-01,1.859e-01,1.844e-01,1.826e-01,1.812e-01,1.795e-01,1.782e-01,1.767e-01,1.755e-01,1.741e-01,1.731e-01,1.719e-01,1.711e-01,1.703e-01,1.698e-01,1.693e-01,1.690e-01,1.687e-01,1.687e-01,1.684e-01,1.684e-01,1.682e-01,1.682e-01,1.680e-01,1.680e-01,1.677e-01,1.676e-01,1.674e-01,1.671e-01,1.668e-01,1.665e-01,1.661e-01,1.657e-01,1.652e-01,1.648e-01,1.643e-01,1.638e-01,1.634e-01,1.629e-01,1.625e-01,1.622e-01,1.618e-01,1.616e-01,1.613e-01,1.612e-01,1.611e-01,1.610e-01,1.609e-01,1.608e-01,1.606e-01,1.604e-01,1.601e-01,1.596e-01,1.591e-01,1.583e-01,1.575e-01,1.564e-01,1.553e-01,1.542e-01,1.530e-01,1.518e-01,1.508e-01,1.497e-01,1.488e-01,1.480e-01,1.472e-01,1.463e-01,1.454e-01,1.444e-01,1.433e-01,1.421e-01,1.408e-01,1.396e-01,1.384e-01,1.375e-01,1.368e-01,1.363e-01,1.362e-01,1.362e-01,1.363e-01,1.366e-01,1.370e-01,1.373e-01,1.378e-01,1.384e-01,1.390e-01,1.398e-01,1.409e-01,1.421e-01,1.436e-01
1.453e-01,1.473e-01,1.495e-01,1.518e-01,1.543e-01,1.569e-01,1.596e-01,1.624e-01,1.651e-01,1.680e-01,1.708e-01,1.736e-01,1.764e-01,1.791e-01,1.818e-01,1.844e-01,1.869e-01,1.892e-01,1.914e-01,1.936e-01,1.955e-01,1.974e-01,1.991e-01,2.006e-01,2.021e-01,2.034e-01,2.046e-01,2.057e-01,2.066e-01,2.074e-01,2.080e-01,2.085e-01,2.087e-01,2.088e-01,2.088e-01,2.086e-01,2.085e-01,2.084e-01,2.085e-01,2.088e-01,2.094e-01,2.101e-01,2.109e-01,2.118e-01,2.126e-01,2.134e-01,2.139e-01,2.142e-01,2.143e-01,2.141e-01,2.137e-01,2.131e-01,2.122e-01,2.113e-01,2.102e-01,2.090e-01,2.078e-01,2.067e-01,2.056e-01,2.046e-01,2.036e-01,2.029e-01,2.023e-01,2.020e-01,2.020e-01,2.022e-01,2.027e-01,2.034e-01,2.042e-01,2.050e-01,2.060e-01,2.069e-01,2.078e-01,2.086e-01,2.095e-01,2.102e-01,2.109e-01,2.114e-01,2.121e-01,2.125e-01,2.130e-01,2.134e-01,2.138e-01,2.141e-01,2.144e-01,2.145e-01,2.147e-01,2.146e-01,2.145e-01,2.142e-01,2.140e-01,2.135e-01,2.131e-01,2.125e-01,2.120e-01,2.113e-01,2.106e-01,2.096e-01,2.087e-01,2.075e-01,2.063e-01,2.048e-01,2.033e-01,2.016e-01,2.000e-01,1.980e-01,1.962e-01,1.942e-01,1.923e-01,1.902e-01,1.884e-01,1.864e-01,1.847e-01,1.828e-01,1.812e-01,1.794e-01,1.779e-01,1.763e-01,1.750e-01,1.735e-01,1.724e-01,1.711e-01,1.703e-01,1.694e-01,1.688e-01,1.682e-01,1.680e-01,1.676e-01,1.676e-01,1.673e-01,1.673e-01,1.672e-01,1.672e-01,1.670e-01,1.670e-01,1.669e-01,1.668e-01,1.667e-01,1.665e-01,1.663e-01,1.661e-01,1.657e-01,1.654e-01,1.650e-01,1.647e-01,1.642e-01,1.638e-01,1.634e-01,1.630e-01,1.626e-01,1.623e-01,1.619e-01,1.617e-01,1.615e-01,1.613e-01,1.612e-01,1.611e-01,1.610e-01,1.609e-01,1.608e-01,1.606e-01,1.602e-01,1.598e-01,1.592e-01,1.584e-01,1.575e-01,1.565e-01,1.554e-01,1.542e-01,1.531e-01,1.519e-01,1.508e-01,1.498e-01,1.489e-01,1.480e-01,1.472e-01,1.463e-01,1.454e-01,1.443e-01,1.432e-01,1.420e-01,1.407e-01,1.394e-01,1.383e-01,1.374e-01,1.367e-01,1.362e-01,1.360e-01,1.360e-01,1.362e-01,1.365e-01,1.369e-01,1.373e-01,1.378e-01,1.383e-01,1.390e-01,1.398e-01,1.408e-01,1.421e-01,1.436e-01
1.452e-01,1.472e-01,1.493e-01,1.515e-01,1.540e-01,1.566e-01,1.592e-01,1.619e-01,1.647e-01,1.676e-01,1.704e-01,1.732e-01,1.760e-01,1.788e-01,1.816e-01,1.842e-01,1.867e-01,1.891e-01,1.914e-01,1.936e-01,1.956e-01,1.974e-01,1.991e-01,2.007e-01,2.020e-01,2.034e-01,2.045e-01,2.056e-01,2.065e-01,2.073e-01,2.079e-01,2.084e-01,2.086e-01,2.088e-01,2.088e-01,2.088e-01,2.087e-01,2.087e-01,2.089e-01,2.093e-01,2.098e-01,2.106e-01,2.115e-01,2.124e-01,2.132e-01,2.140e-01,2.145e-01,2.148e-01,2.149e-01,2.147e-01,2.143e-01,2.137e-01,2.128e-01,2.118e-01,2.107e-01,2.095e-01,2.083e-01,2.071e-01,2.059e-01,2.049e-01,2.039e-01,2.030e-01,2.023e-01,2.019e-01,2.018e-01,2.018e-01,2.022e-01,2.026e-01,2.033e-01,2.040e-01,2.048e-01,2.055e-01,2.063e-01,2.070e-01,2.077e-01,2.083e-01,2.090e-01,2.095e-01,2.101e-01,2.107e-01,2.113e-01,2.118e-01,2.125e-01,2.130e-01,2.136e-01,2.140e-01,2.144e-01,2.147e-01,2.149e-01,2.149e-01,2.150e-01,2.148e-01,2.146e-01,2.143e-01,2.139e-01,2.133e-01,2.128e-01,2.119e-01,2.110e-01,2.098e-01,2.086e-01,2.070e-01,2.055e-01,2.036e-01,2.018e-01,1.997e-01,1.977e-01,1.954e-01,1.934e-01,1.911e-01,1.891e-01,1.868e-01,1.849e-01,1.828e-01,1.811e-01,1.791e-01,1.775e-01,1.758e-01,1.744e-01,1.728e-01,1.716e-01,1.703e-01,1.694e-01,1.684e-01,1.678e-01,1.672e-01,1.669e-01,1.665e-01,1.664e-01,1.662e-01,1.661e-01,1.660e-01,1.660e-01,1.660e-01,1.660e-01,1.660e-01,1.660e-01,1.659e-01,1.659e-01,1.657e-01,1.656e-01,1.654e-01,1.651e-01,1.648e-01,1.645e-01,1.642e-01,1.638e-01,1.634e-01,1.630e-01,1.627e-01,1.623e-01,1.620e-01,1.618e-01,1.616e-01,1.615e-01,1.614e-01,1.613e-01,1.612e-01,1.611e-01,1.609e-01,1.607e-01,1.603e-01,1.598e-01,1.592e-01,1.585e-01,1.576e-01,1.565e-01,1.554e-01,1.542e-01,1.531e-01,1.519e-01,1.509e-01,1.498e-01,1.489e-01,1.480e-01,1.471e-01,1.462e-01,1.453e-01,1.442e-01,1.431e-01,1.418e-01,1.405e-01,1.393e-01,1.381e-01,1.372e-01,1.365e-01,1.361e-01,1.358e-01,1.359e-01,1.361e-01,1.363e-01,1.367e-01,1.372e-01,1.377e-01,1.382e-01,1.390e-01,1.398e-01,1.408e-01,1.421e-01,1.435e-01
1.450e-01,1.470e-01,1.489e-01,1.512e-01,1.536e-01,1.561e-01,1.586e-01,1.614e-01,1.641e-01,1.670e-01,1.698e-01,1.727e-01,1.756e-01,1.785e-01,1.812e-01,1.839e-01,1.865e-01,1.891e-01,1.914e-01,1.936e-01,1.956e-01,1.975e-01,1.991e-01,2.007e-01,2.020e-01,2.033e-01,2.044e-01,2.054e-01,2.063e-01,2.071e-01,2.077e-01,2.082e-01,2.086e-01,2.088e-01,2.089e-01,2.090e-01,2.090e-01,2.091e-01,2.093e-01,2.098e-01,2.104e-01,2.113e-01,2.121e-01,2.131e-01,2.139e-01,2.147e-01,2.152e-01,2.155e-01,2.155e-01,2.154e-01,2.149e-01,2.142e-01,2.133e-01,2.124e-01,2.112e-01,2.100e-01,2.088e-01,2.076e-01,2.063e-01,2.052e-01,2.040e-01,2.031e-01,2.023e-01,2.018e-01,2.014e-01,2.014e-01,2.015e-01,2.019e-01,2.023e-01,2.028e-01,2.034e-01,2.040e-01,2.046e-01,2.052e-01,2.058e-01,2.063e-01,2.069e-01,2.074e-01,2.081e-01,2.087e-01,2.094e-01,2.101e-01,2.110e-01,2.117e-01,2.126e-01,2.134e-01,2.141e-01,2.147e-01,2.153e-01,2.156e-01,2.160e-01,2.160e-01,2.161e-01,2.160e-01,2.158e-01,2.154e-01,2.149e-01,2.141e-01,2.133e-01,2.121e-01,2.108e-01,2.092e-01,2.075e-01,2.055e-01,2.036e-01,2.013e-01,1.991e-01,1.966e-01,1.943e-01,1.918e-01,1.896e-01,1.872e-01,1.850e-01,1.828e-01,1.808e-01,1.788e-01,1.770e-01,1.752e-01,1.736e-01,1.720e-01,1.707e-01,1.694e-01,1.684e-01,1.673e-01,1.667e-01,1.660e-01,1.656e-01,1.652e-01,1.651e-01,1.649e-01,1.649e-01,1.648e-01,1.648e-01,1.648e-01,1.649e-01,1.649e-01,1.650e-01,1.651e-01,1.651e-01,1.651e-01,1.651e-01,1.650e-01,1.648e-01,1.646e-01,1.644e-01,1.641e-01,1.637e-01,1.634e-01,1.630e-01,1.627e-01,1.624e-01,1.621e-01,1.619e-01,1.617e-01,1.615e-01,1.615e-01,1.614e-01,1.613e-01,1.611e-01,1.610e-01,1.607e-01,1.604e-01,1.599e-01,1.593e-01,1.585e-01,1.576e-01,1.565e-01,1.554e-01,1.542e-01,1.531e-01,1.519e-01,1.509e-01,1.498e-01,1.489e-01,1.480e-01,1.471e-01,1.461e-01,1.451e-01,1.440e-01,1.429e-01,1.416e-01,1.403e-01,1.390e-01,1.379e-01,1.370e-01,1.363e-01,1.358e-01,1.356e-01,1.357e-01,1.358e-01,1.361e-01,1.365e-01,1.370e-01,1.375e-01,1.382e-01,1.389e-01,1.397e-01,1.408e-01,1.420e-01,1.434e-01
1.449e-01,1.466e-01,1.486e-01,1.508e-01,1.530e-01,1.555e-01,1.581e-01,1.608e-01,1.634e-01,1.663e-01,1.692e-01,1.721e-01,1.750e-01,1.779e-01,1.807e-01,1.837e-01,1.864e-01,1.889e-01,1.913e-01,1.936e-01,1.956e-01,1.976e-01,1.992e-01,2.007e-01,2.020e-01,2.032e-01,2.043e-01,2.053e-01,2.061e-01,2.069e-01,2.075e-01,2.081e-01,2.084e-01,2.088e-01,2.090e-01,2.091e-01,2.092e-01,2.095e-01,2.098e-01,2.104e-01,2.111e-01,2.120e-01,2.129e-01,2.139e-01,2.147e-01,2.154e-01,2.159e-01,2.162e-01,2.162e-01,2.160e-01,2.155e-01,2.149e-01,2.139e-01,2.129e-01,2.117e-01,2.105e-01,2.092e-01,2.080e-01,2.066e-01,2.054e-01,2.042e-01,2.032e-01,2.022e-01,2.016e-01,2.011e-01,2.009e-01,2.008e-01,2.010e-01,2.012e-01,2.016e-01,2.020e-01,2.024e-01,2.029e-01,2.033e-01,2.037e-01,2.042e-01,2.047e-01,2.052e-01,2.058e-01,2.065e-01,2.073e-01,2.082e-01,2.093e-01,2.103e-01,2.115e-01,2.125e-01,2.136e-01,2.145e-01,2.154e-01,2.161e-01,2.167e-01,2.170e-01,2.173e-01,2.174e-01,2.173e-01,2.171e-01,2.167e-01,2.160e-01,2.152e-01,2.140e-01,2.128e-01,2.111e-01,2.094e-01,2.073e-01,2.051e-01,2.027e-01,2.003e-01,1.976e-01,1.951e-01,1.924e-01,1.899e-01,1.873e-01,1.850e-01,1.826e-01,1.805e-01,1.783e-01,1.764e-01,1.744e-01,1.728e-01,1.711e-01,1.697e-01,1.683e-01,1.673e-01,1.662e-01,1.655e-01,1.648e-01,1.643e-01,1.639e-01,1.637e-01,1.635e-01,1.635e-01,1.635e-01,1.635e-01,1.636e-01,1.637e-01,1.639e-01,1.640e-01,1.642e-01,1.643e-01,1.645e-01,1.645e-01,1.645e-01,1.645e-01,1.644e-01,1.642e-01,1.640e-01,1.637e-01,1.634e-01,1.630e-01,1.627e-01,1.624e-01,1.622e-01,1.619e-01,1.618e-01,1.616e-01,1.615e-01,1.614e-01,1.613e-01,1.612e-01,1.610e-01,1.607e-01,1.604e-01,1.598e-01,1.592e-01,1.584e-01,1.575e-01,1.564e-01,1.553e-01,1.541e-01,1.530e-01,1.518e-01,1.508e-01,1.497e-01,1.488e-01,1.478e-01,1.469e-01,1.459e-01,1.449e-01,1.438e-01,1.426e-01,1.413e-01,1.400e-01,1.387e-01,1.376e-01,1.367e-01,1.360e-01,1.355e-01,1.354e-01,1.354e-01,1.355e-01,1.359e-01,1.363e-01,1.368e-01,1.374e-01,1.381e-01,1.388e-01,1.396e-01,1.407e-01,1.418e-01,1.432e-01
1.445e-01,1.462e-01,1.482e-01,1.503e-01,1.523e-01,1.549e-01,1.573e-01,1.598e-01,1.626e-01,1.655e-01,1.683e-01,1.713e-01,1.742e-01,1.772e-01,1.803e-01,1.833e-01,1.860e-01,1.887e-01,1.912e-01,1.937e-01,1.957e-01,1.976e-01,1.992e-01,2.007e-01,2.020e-01,2.032e-01,2.041e-01,2.051e-01,2.059e-01,2.067e-01,2.073e-01,2.079e-01,2.083e-01,2.087e-01,2.090e-01,2.093e-01,2.095e-01,2.100e-01,2.104e-01,2.111e-01,2.118e-01,2.128e-01,2.137e-01,2.148e-01,2.155e-01,2.163e-01,2.167e-01,2.170e-01,2.169e-01,2.167e-01,2.161e-01,2.155e-01,2.145e-01,2.135e-01,2.123e-01,2.111e-01,2.097e-01,2.084e-01,2.070e-01,2.057e-01,2.044e-01,2.032e-01,2.021e-01,2.013e-01,2.007e-01,2.003e-01,2.000e-01,2.000e-01,2.001e-01,2.002e-01,2.004e-01,2.007e-01,2.009e-01,2.012e-01,2.015e-01,2.018e-01,2.022e-01,2.027e-01,2.033e-01,2.041e-01,2.050e-01,2.060e-01,2.072e-01,2.085e-01,2.099e-01,2.112e-01,2.126e-01,2.138e-01,2.149e-01,2.158e-01,2.166e-01,2.172e-01,2.176e-01,2.178e-01,2.179e-01,2.178e-01,2.175e-01,2.170e-01,2.163e-01,2.152e-01,2.140e-01,2.123e-01,2.105e-01,2.084e-01,2.062e-01,2.036e-01,2.010e-01,1.983e-01,1.955e-01,1.927e-01,1.900e-01,1.872e-01,1.847e-01,1.821e-01,1.799e-01,1.776e-01,1.755e-01,1.735e-01,1.718e-01,1.700e-01,1.686e-01,1.671e-01,1.660e-01,1.649e-01,1.641e-01,1.634e-01,1.629e-01,1.625e-01,1.623e-01,1.621e-01,1.620e-01,1.621e-01,1.622e-01,1.623e-01,1.625e-01,1.627e-01,1.630e-01,1.632e-01,1.635e-01,1.637e-01,1.639e-01,1.640e-01,1.640e-01,1.640e-01,1.639e-01,1.638e-01,1.635e-01,1.633e-01,1.629e-01,1.627e-01,1.623e-01,1.621e-01,1.619e-01,1.618e-01,1.616e-01,1.615e-01,1.614e-01,1.613e-01,1.611e-01,1.610e-01,1.606e-01,1.603e-01,1.597e-01,1.591e-01,1.582e-01,1.573e-01,1.562e-01,1.551e-01,1.539e-01,1.528e-01,1.517e-01,1.506e-01,1.496e-01,1.486e-01,1.477e-01,1.467e-01,1.457e-01,1.446e-01,1.435e-01,1.422e-01,1.409e-01,1.396e-01,1.383e-01,1.372e-01,1.363e-01,1.356e-01,1.352e-01,1.350e-01,1.350e-01,1.352e-01,1.356e-01,1.360e-01,1.365e-01,1.372e-01,1.378e-01,1.386e-01,1.395e-01,1.405e-01,1.416e-01,1.430e-01
1.440e-01,1.457e-01,1.476e-01,1.495e-01,1.517e-01,1.541e-01,1.562e-01,1.589e-01,1.617e-01,1.644e-01,1.672e-01,1.703e-01,1.733e-01,1.765e-01,1.795e-01,1.825e-01,1.854e-01,1.885e-01,1.911e-01,1.935e-01,1.957e-01,1.976e-01,1.993e-01,2.008e-01,2.020e-01,2.031e-01,2.040e-01,2.049e-01,2.056e-01,2.064e-01,2.069e-01,2.076e-01,2.081e-01,2.086e-01,2.089e-01,2.095e-01,2.098e-01,2.104e-01,2.109e-01,2.118e-01,2.126e-01,2.137e-01,2.146e-01,2.157e-01,2.165e-01,2.172e-01,2.176e-01,2.178e-01,2.177e-01,2.175e-01,2.168e-01,2.161e-01,2.151e-01,2.141e-01,2.128e-01,2.116e-01,2.101e-01,2.088e-01,2.073e-01,2.060e-01,2.045e-01,2.033e-01,2.020e-01,2.011e-01,2.002e-01,1.996e-01,1.992e-01,1.990e-01,1.988e-01,1.987e-01,1.987e-01,1.988e-01,1.988e-01,1.989e-01,1.990e-01,1.992e-01,1.995e-01,1.999e-01,2.005e-01,2.012e-01,2.022e-01,2.033e-01,2.046e-01,2.060e-01,2.075e-01,2.090e-01,2.104e-01,2.118e-01,2.130e-01,2.140e-01,2.149e-01,2.156e-01,2.161e-01,2.165e-01,2.167e-01,2.168e-01,2.167e-01,2.163e-01,2.158e-01,2.149e-01,2.138e-01,2.123e-01,2.106e-01,2.085e-01,2.063e-01,2.038e-01,2.011e-01,1.983e-01,1.954e-01,1.925e-01,1.896e-01,1.867e-01,1.840e-01,1.814e-01,1.789e-01,1.766e-01,1.744e-01,1.724e-01,1.705e-01,1.688e-01,1.672e-01,1.658e-01,1.646e-01,1.635e-01,1.626e-01,1.618e-01,1.613e-01,1.609e-01,1.606e-01,1.605e-01,1.605e-01,1.605e-01,1.607e-01,1.609e-01,1.611e-01,1.615e-01,1.618e-01,1.622e-01,1.625e-01,1.629e-01,1.631e-01,1.634e-01,1.634e-01,1.636e-01,1.635e-01,1.634e-01,1.632e-01,1.630e-01,1.627e-01,1.625e-01,1.622e-01,1.620e-01,1.617e-01,1.616e-01,1.614e-01,1.614e-01,1.612e-01,1.611e-01,1.609e-01,1.607e-01,1.604e-01,1.600e-01,1.594e-01,1.588e-01,1.579e-01,1.570e-01,1.559e-01,1.548e-01,1.536e-01,1.525e-01,1.514e-01,1.504e-01,1.493e-01,1.484e-01,1.474e-01,1.464e-01,1.453e-01,1.442e-01,1.430e-01,1.418e-01,1.404e-01,1.391e-01,1.378e-01,1.367e-01,1.358e-01,1.351e-01,1.347e-01,1.346e-01,1.346e-01,1.348e-01,1.352e-01,1.356e-01,1.362e-01,1.369e-01,1.375e-01,1.383e-01,1.392e-01,1.401e-01,1.413e-01,1.427e-01
1.435e-01,1.452e-01,1.468e-01,1.487e-01,1.508e-01,1.529e-01,1.551e-01,1.579e-01,1.602e-01,1.629e-01,1.659e-01,1.690e-01,1.720e-01,1.753e-01,1.784e-01,1.818e-01,1.851e-01,1.882e-01,1.909e-01,1.934e-01,1.957e-01,1.979e-01,1.994e-01,2.009e-01,2.019e-01,2.030e-01,2.038e-01,2.046e-01,2.052e-01,2.060e-01,2.065e-01,2.072e-01,2.077e-01,2.084e-01,2.088e-01,2.095e-01,2.100e-01,2.109e-01,2.116e-01,2.126e-01,2.135e-01,2.147e-01,2.157e-01,2.167e-01,2.174e-01,2.182e-01,2.185e-01,2.187e-01,2.184e-01,2.181e-01,2.174e-01,2.167e-01,2.156e-01,2.146e-01,2.133e-01,2.120e-01,2.106e-01,2.092e-01,2.076e-01,2.062e-01,2.046e-01,2.032e-01,2.018e-01,2.007e-01,1.996e-01,1.989e-01,1.982e-01,1.978e-01,1.973e-01,1.971e-01,1.968e-01,1.966e-01,1.964e-01,1.963e-01,1.961e-01,1.962e-01,1.963e-01,1.966e-01,1.970e-01,1.977e-01,1.986e-01,1.997e-01,2.009e-01,2.023e-01,2.036e-01,2.051e-01,2.064e-01,2.077e-01,2.087e-01,2.097e-01,2.105e-01,2.112e-01,2.117e-01,2.122e-01,2.126e-01,2.129e-01,2.130e-01,2.130e-01,2.127e-01,2.122e-01,2.114e-01,2.103e-01,2.088e-01,2.071e-01,2.050e-01,2.026e-01,2.000e-01,1.973e-01,1.944e-01,1.914e-01,1.885e-01,1.856e-01,1.828e-01,1.801e-01,1.776e-01,1.752e-01,1.730e-01,1.709e-01,1.690e-01,1.672e-01,1.656e-01,1.641e-01,1.629e-01,1.618e-01,1.608e-01,1.601e-01,1.595e-01,1.591e-01,1.588e-01,1.588e-01,1.587e-01,1.589e-01,1.590e-01,1.594e-01,1.597e-01,1.601e-01,1.605e-01,1.610e-01,1.614e-01,1.619e-01,1.622e-01,1.626e-01,1.627e-01,1.629e-01,1.629e-01,1.629e-01,1.627e-01,1.626e-01,1.623e-01,1.621e-01,1.618e-01,1.617e-01,1.613e-01,1.613e-01,1.610e-01,1.610e-01,1.608e-01,1.607e-01,1.605e-01,1.603e-01,1.599e-01,1.595e-01,1.589e-01,1.583e-01,1.573e-01,1.565e-01,1.553e-01,1.543e-01,1.531e-01,1.521e-01,1.509e-01,1.500e-01,1.489e-01,1.480e-01,1.469e-01,1.459e-01,1.448e-01,1.437e-01,1.424e-01,1.412e-01,1.398e-01,1.385e-01,1.372e-01,1.361e-01,1.351e-01,1.345e-01,1.341e-01,1.340e-01,1.341e-01,1.344e-01,1.347e-01,1.352e-01,1.358e-01,1.364e-01,1.372e-01,1.380e-01,1.388e-01,1.398e-01,1.409e-01,1.421e-01
1.428e-01,1.444e-01,1.458e-01,1.478e-01,1.497e-01,1.516e-01,1.539e-01,1.563e-01,1.584e-01,1.616e-01,1.645e-01,1.673e-01,1.705e-01,1.740e-01,1.773e-01,1.811e-01,1.843e-01,1.873e-01,1.903e-01,1.935e-01,1.958e-01,1.980e-01,1.995e-01,2.009e-01,2.019e-01,2.029e-01,2.036e-01,2.043e-01,2.047e-01,2.054e-01,2.059e-01,2.066e-01,2.071e-01,2.079e-01,2.086e-01,2.095e-01,2.102e-01,2.112e-01,2.121e-01,2.134e-01,2.144e-01,2.156e-01,2.166e-01,2.177e-01,2.183e-01,2.189e-01,2.191e-01,2.192e-01,2.189e-01,2.185e-01,2.177e-01,2.170e-01,2.159e-01,2.149e-01,2.135e-01,2.123e-01,2.108e-01,2.094e-01,2.077e-01,2.063e-01,2.045e-01,2.030e-01,2.014e-01,2.002e-01,1.989e-01,1.979e-01,1.970e-01,1.963e-01,1.956e-01,1.951e-01,1.945e-01,1.941e-01,1.935e-01,1.932e-01,1.928e-01,1.926e-01,1.924e-01,1.925e-01,1.927e-01,1.931e-01,1.937e-01,1.945e-01,1.954e-01,1.965e-01,1.974e-01,1.985e-01,1.993e-01,2.002e-01,2.009e-01,2.017e-01,2.022e-01,2.029e-01,2.034e-01,2.040e-01,2.046e-01,2.052e-01,2.057e-01,2.061e-01,2.063e-01,2.064e-01,2.061e-01,2.056e-01,2.046e-01,2.033e-01,2.016e-01,1.996e-01,1.973e-01,1.948e-01,1.921e-01,1.893e-01,1.865e-01,1.837e-01,1.809e-01,1.782e-01,1.756e-01,1.733e-01,1.710e-01,1.689e-01,1.670e-01,1.653e-01,1.636e-01,1.622e-01,1.609e-01,1.598e-01,1.588e-01,1.581e-01,1.575e-01,1.572e-01,1.569e-01,1.568e-01,1.568e-01,1.571e-01,1.573e-01,1.577e-01,1.580e-01,1.586e-01,1.590e-01,1.597e-01,1.601e-01,1.607e-01,1.610e-01,1.615e-01,1.617e-01,1.620e-01,1.620e-01,1.621e-01,1.619e-01,1.618e-01,1.615e-01,1.614e-01,1.611e-01,1.610e-01,1.607e-01,1.606e-01,1.604e-01,1.604e-01,1.601e-01,1.601e-01,1.598e-01,1.596e-01,1.591e-01,1.588e-01,1.581e-01,1.575e-01,1.566e-01,1.557e-01,1.546e-01,1.536e-01,1.524e-01,1.514e-01,1.503e-01,1.494e-01,1.483e-01,1.473e-01,1.463e-01,1.453e-01,1.441e-01,1.430e-01,1.417e-01,1.404e-01,1.390e-01,1.377e-01,1.364e-01,1.353e-01,1.344e-01,1.338e-01,1.334e-01,1.333e-01,1.335e-01,1.337e-01,1.342e-01,1.347e-01,1.353e-01,1.360e-01,1.367e-01,1.375e-01,1.382e-01,1.393e-01,1.403e-01,1.414e-01
1.420e-01,1.432e-01,1.447e-01,1.467e-01,1.481e-01,1.502e-01,1.524e-01,1.543e-01,1.568e-01,1.599e-01,1.620e-01,1.652e-01,1.686e-01,1.722e-01,1.758e-01,1.795e-01,1.829e-01,1.870e-01,1.904e-01,1.938e-01,1.959e-01,1.980e-01,1.997e-01,2.011e-01,2.021e-01,2.030e-01,2.032e-01,2.039e-01,2.041e-01,2.046e-01,2.050e-01,2.058e-01,2.065e-01,2.073e-01,2.080e-01,2.092e-01,2.102e-01,2.114e-01,2.123e-01,2.136e-01,2.147e-01,2.160e-01,2.169e-01,2.178e-01,2.183e-01,2.188e-01,2.188e-01,2.188e-01,2.183e-01,2.179e-01,2.171e-01,2.164e-01,2.153e-01,2.143e-01,2.130e-01,2.118e-01,2.103e-01,2.090e-01,2.073e-01,2.058e-01,2.040e-01,2.024e-01,2.006e-01,1.992e-01,1.977e-01,1.965e-01,1.953e-01,1.944e-01,1.934e-01,1.926e-01,1.916e-01,1.909e-01,1.900e-01,1.893e-01,1.885e-01,1.880e-01,1.874e-01,1.871e-01,1.868e-01,1.868e-01,1.868e-01,1.871e-01,1.872e-01,1.876e-01,1.878e-01,1.881e-01,1.882e-01,1.885e-01,1.887e-01,1.890e-01,1.893e-01,1.899e-01,1.904e-01,1.913e-01,1.920e-01,1.931e-01,1.941e-01,1.952e-01,1.960e-01,1.969e-01,1.973e-01,1.976e-01,1.973e-01,1.968e-01,1.957e-01,1.944e-01,1.925e-01,1.906e-01,1.882e-01,1.858e-01,1.831e-01,1.806e-01,1.779e-01,1.754e-01,1.729e-01,1.707e-01,1.684e-01,1.665e-01,1.645e-01,1.628e-01,1.612e-01,1.599e-01,1.585e-01,1.575e-01,1.565e-01,1.559e-01,1.552e-01,1.549e-01,1.546e-01,1.547e-01,1.547e-01,1.550e-01,1.553e-01,1.558e-01,1.562e-01,1.569e-01,1.573e-01,1.581e-01,1.585e-01,1.592e-01,1.595e-01,1.601e-01,1.603e-01,1.607e-01,1.606e-01,1.608e-01,1.606e-01,1.606e-01,1.603e-01,1.603e-01,1.599e-01,1.599e-01,1.595e-01,1.595e-01,1.592e-01,1.593e-01,1.590e-01,1.590e-01,1.586e-01,1.585e-01,1.580e-01,1.577e-01,1.570e-01,1.564e-01,1.555e-01,1.547e-01,1.535e-01,1.526e-01,1.515e-01,1.505e-01,1.494e-01,1.485e-01,1.474e-01,1.465e-01,1.454e-01,1.444e-01,1.432e-01,1.421e-01,1.407e-01,1.395e-01,1.380e-01,1.367e-01,1.354e-01,1.343e-01,1.334e-01,1.329e-01,1.325e-01,1.325e-01,1.326e-01,1.330e-01,1.335e-01,1.340e-01,1.346e-01,1.354e-01,1.360e-01,1.368e-01,1.376e-01,1.386e-01,1.394e-01,1.407e-01
1.406e-01,1.420e-01,1.435e-01,1.450e-01,1.463e-01,1.486e-01,1.502e-01,1.522e-01,1.548e-01,1.570e-01,1.593e-01,1.634e-01,1.664e-01,1.699e-01,1.738e-01,1.779e-01,1.820e-01,1.866e-01,1.898e-01,1.929e-01,1.958e-01,1.986e-01,2.005e-01,2.019e-01,2.023e-01,2.030e-01,2.029e-01,2.031e-01,2.033e-01,2.038e-01,2.040e-01,2.046e-01,2.052e-01,2.063e-01,2.071e-01,2.081e-01,2.089e-01,2.102e-01,2.111e-01,2.122e-01,2.130e-01,2.140e-01,2.147e-01,2.155e-01,2.157e-01,2.160e-01,2.158e-01,2.158e-01,2.153e-01,2.150e-01,2.142e-01,2.136e-01,2.127e-01,2.119e-01,2.108e-01,2.098e-01,2.084e-01,2.072e-01,2.055e-01,2.041e-01,2.023e-01,2.007e-01,1.988e-01,1.973e-01,1.955e-01,1.942e-01,1.927e-01,1.916e-01,1.902e-01,1.891e-01,1.878e-01,1.867e-01,1.853e-01,1.842e-01,1.829e-01,1.818e-01,1.806e-01,1.797e-01,1.787e-01,1.780e-01,1.770e-01,1.763e-01,1.754e-01,1.748e-01,1.738e-01,1.732e-01,1.724e-01,1.720e-01,1.715e-01,1.716e-01,1.716e-01,1.722e-01,1.728e-01,1.740e-01,1.751e-01,1.768e-01,1.783e-01,1.802e-01,1.818e-01,1.836e-01,1.848e-01,1.861e-01,1.867e-01,1.872e-01,1.869e-01,1.865e-01,1.854e-01,1.841e-01,1.823e-01,1.805e-01,1.783e-01,1.762e-01,1.737e-01,1.716e-01,1.692e-01,1.672e-01,1.651e-01,1.633e-01,1.614e-01,1.599e-01,1.582e-01,1.570e-01,1.557e-01,1.548e-01,1.538e-01,1.532e-01,1.526e-01,1.524e-01,1.521e-01,1.523e-01,1.523e-01,1.527e-01,1.530e-01,1.537e-01,1.540e-01,1.548e-01,1.553e-01,1.561e-01,1.565e-01,1.572e-01,1.575e-01,1.582e-01,1.583e-01,1.587e-01,1.587e-01,1.589e-01,1.587e-01,1.587e-01,1.584e-01,1.584e-01,1.581e-01,1.581e-01,1.578e-01,1.578e-01,1.575e-01,1.576e-01,1.573e-01,1.573e-01,1.570e-01,1.569e-01,1.564e-01,1.561e-01,1.554e-01,1.549e-01,1.539e-01,1.532e-01,1.521e-01,1.513e-01,1.501e-01,1.493e-01,1.482e-01,1.473e-01,1.462e-01,1.454e-01,1.443e-01,1.433e-01,1.420e-01,1.409e-01,1.395e-01,1.383e-01,1.368e-01,1.355e-01,1.342e-01,1.332e-01,1.322e-01,1.318e-01,1.314e-01,1.315e-01,1.317e-01,1.321e-01,1.326e-01,1.332e-01,1.338e-01,1.346e-01,1.351e-01,1.360e-01,1.367e-01,1.376e-01,1.384e-01,1.397e-01
1.391e-01,1.406e-01,1.418e-01,1.430e-01,1.446e-01,1.465e-01,1.476e-01,1.500e-01,1.520e-01,1.539e-01,1.571e-01,1.604e-01,1.625e-01,1.669e-01,1.710e-01,1.760e-01,1.807e-01,1.850e-01,1.893e-01,1.937e-01,1.973e-01,2.001e-01,2.012e-01,2.022e-01,2.023e-01,2.026e-01,2.027e-01,2.027e-01,2.022e-01,2.022e-01,2.023e-01,2.028e-01,2.028e-01,2.032e-01,2.035e-01,2.043e-01,2.045e-01,2.050e-01,2.052e-01,2.060e-01,2.063e-01,2.069e-01,2.071e-01,2.076e-01,2.077e-01,2.080e-01,2.079e-01,2.080e-01,2.076e-01,2.076e-01,2.071e-01,2.070e-01,2.064e-01,2.060e-01,2.052e-01,2.047e-01,2.036e-01,2.027e-01,2.013e-01,2.001e-01,1.984e-01,1.969e-01,1.951e-01,1.936e-01,1.917e-01,1.903e-01,1.886e-01,1.873e-01,1.856e-01,1.842e-01,1.823e-01,1.808e-01,1.789e-01,1.772e-01,1.752e-01,1.735e-01,1.714e-01,1.697e-01,1.676e-01,1.658e-01,1.636e-01,1.617e-01,1.594e-01,1.575e-01,1.553e-01,1.538e-01,1.520e-01,1.511e-01,1.501e-01,1.500e-01,1.498e-01,1.506e-01,1.513e-01,1.530e-01,1.545e-01,1.568e-01,1.589e-01,1.617e-01,1.640e-01,1.668e-01,1.690e-01,1.713e-01,1.729e-01,1.745e-01,1.752e-01,1.758e-01,1.756e-01,1.754e-01,1.743e-01,1.733e-01,1.716e-01,1.702e-01,1.682e-01,1.665e-01,1.644e-01,1.628e-01,1.608e-01,1.593e-01,1.575e-01,1.562e-01,1.547e-01,1.536e-01,1.523e-01,1.515e-01,1.506e-01,1.501e-01,1.495e-01,1.495e-01,1.492e-01,1.495e-01,1.495e-01,1.501e-01,1.503e-01,1.511e-01,1.515e-01,1.523e-01,1.527e-01,1.535e-01,1.539e-01,1.546e-01,1.549e-01,1.555e-01,1.556e-01,1.560e-01,1.559e-01,1.561e-01,1.559e-01,1.560e-01,1.557e-01,1.557e-01,1.554e-01,1.555e-01,1.552e-01,1.553e-01,1.550e-01,1.552e-01,1.549e-01,1.550e-01,1.547e-01,1.546e-01,1.542e-01,1.539e-01,1.533e-01,1.528e-01,1.519e-01,1.512e-01,1.502e-01,1.494e-01,1.484e-01,1.476e-01,1.465e-01,1.458e-01,1.447e-01,1.439e-01,1.428e-01,1.418e-01,1.406e-01,1.394e-01,1.381e-01,1.368e-01,1.353e-01,1.341e-01,1.327e-01,1.317e-01,1.308e-01,1.304e-01,1.301e-01,1.303e-01,1.305e-01,1.310e-01,1.315e-01,1.322e-01,1.328e-01,1.335e-01,1.341e-01,1.349e-01,1.355e-01,1.364e-01,1.372e-01,1.383e-01
1.375e-01,1.388e-01,1.396e-01,1.410e-01,1.425e-01,1.437e-01,1.449e-01,1.473e-01,1.483e-01,1.508e-01,1.536e-01,1.554e-01,1.590e-01,1.646e-01,1.683e-01,1.737e-01,1.786e-01,1.836e-01,1.896e-01,1.949e-01,1.979e-01,2.005e-01,2.018e-01,2.033e-01,2.036e-01,2.030e-01,2.020e-01,2.015e-01,2.005e-01,1.994e-01,1.978e-01,1.969e-01,1.960e-01,1.954e-01,1.941e-01,1.933e-01,1.924e-01,1.922e-01,1.915e-01,1.914e-01,1.911e-01,1.914e-01,1.914e-01,1.918e-01,1.918e-01,1.924e-01,1.925e-01,1.931e-01,1.932e-01,1.938e-01,1.939e-01,1.945e-01,1.945e-01,1.949e-01,1.947e-01,1.948e-01,1.943e-01,1.940e-01,1.931e-01,1.924e-01,1.911e-01,1.900e-01,1.884e-01,1.871e-01,1.853e-01,1.840e-01,1.821e-01,1.806e-01,1.786e-01,1.769e-01,1.747e-01,1.727e-01,1.701e-01,1.678e-01,1.649e-01,1.624e-01,1.592e-01,1.564e-01,1.529e-01,1.498e-01,1.461e-01,1.428e-01,1.391e-01,1.360e-01,1.327e-01,1.304e-01,1.279e-01,1.267e-01,1.253e-01,1.253e-01,1.251e-01,1.262e-01,1.272e-01,1.294e-01,1.313e-01,1.343e-01,1.371e-01,1.406e-01,1.437e-01,1.474e-01,1.504e-01,1.538e-01,1.564e-01,1.591e-01,1.609e-01,1.627e-01,1.635e-01,1.643e-01,1.642e-01,1.641e-01,1.632e-01,1.625e-01,1.611e-01,1.600e-01,1.584e-01,1.572e-01,1.555e-01,1.544e-01,1.528e-01,1.518e-01,1.504e-01,1.495e-01,1.484e-01,1.477e-01,1.469e-01,1.466e-01,1.460e-01,1.461e-01,1.458e-01,1.462e-01,1.463e-01,1.469e-01,1.472e-01,1.480e-01,1.483e-01,1.491e-01,1.495e-01,1.502e-01,1.505e-01,1.512e-01,1.513e-01,1.519e-01,1.518e-01,1.522e-01,1.520e-01,1.523e-01,1.520e-01,1.522e-01,1.518e-01,1.520e-01,1.517e-01,1.518e-01,1.516e-01,1.518e-01,1.516e-01,1.519e-01,1.517e-01,1.519e-01,1.516e-01,1.516e-01,1.512e-01,1.511e-01,1.505e-01,1.501e-01,1.493e-01,1.487e-01,1.478e-01,1.471e-01,1.461e-01,1.455e-01,1.445e-01,1.438e-01,1.428e-01,1.420e-01,1.409e-01,1.400e-01,1.387e-01,1.376e-01,1.362e-01,1.350e-01,1.335e-01,1.323e-01,1.310e-01,1.301e-01,1.292e-01,1.288e-01,1.286e-01,1.288e-01,1.290e-01,1.297e-01,1.301e-01,1.309e-01,1.314e-01,1.323e-01,1.328e-01,1.336e-01,1.340e-01,1.350e-01,1.356e-01,1.366e-01
1.355e-01,1.365e-01,1.372e-01,1.389e-01,1.396e-01,1.406e-01,1.422e-01,1.437e-01,1.443e-01,1.471e-01,1.486e-01,1.512e-01,1.561e-01,1.595e-01,1.629e-01,1.695e-01,1.758e-01,1.845e-01,1.908e-01,1.957e-01,1.993e-01,2.028e-01,2.046e-01,2.049e-01,2.044e-01,2.031e-01,2.000e-01,1.964e-01,1.925e-01,1.897e-01,1.865e-01,1.833e-01,1.797e-01,1.771e-01,1.745e-01,1.726e-01,1.703e-01,1.690e-01,1.677e-01,1.673e-01,1.665e-01,1.667e-01,1.665e-01,1.673e-01,1.675e-01,1.686e-01,1.692e-01,1.705e-01,1.713e-01,1.728e-01,1.737e-01,1.752e-01,1.760e-01,1.774e-01,1.780e-01,1.791e-01,1.794e-01,1.801e-01,1.799e-01,1.800e-01,1.793e-01,1.789e-01,1.778e-01,1.769e-01,1.754e-01,1.743e-01,1.725e-01,1.710e-01,1.688e-01,1.668e-01,1.641e-01,1.616e-01,1.583e-01,1.553e-01,1.514e-01,1.479e-01,1.435e-01,1.394e-01,1.345e-01,1.300e-01,1.248e-01,1.203e-01,1.153e-01,1.115e-01,1.072e-01,1.045e-01,1.016e-01,1.003e-01,9.879e-02,9.893e-02,9.894e-02,1.004e-01,1.018e-01,1.044e-01,1.069e-01,1.105e-01,1.138e-01,1.180e-01,1.218e-01,1.263e-01,1.302e-01,1.344e-01,1.380e-01,1.417e-01,1.445e-01,1.474e-01,1.493e-01,1.511e-01,1.521e-01,1.530e-01,1.530e-01,1.531e-01,1.525e-01,1.521e-01,1.511e-01,1.504e-01,1.492e-01,1.484e-01,1.472e-01,1.465e-01,1.454e-01,1.447e-01,1.437e-01,1.433e-01,1.426e-01,1.424e-01,1.419e-01,1.421e-01,1.419e-01,1.424e-01,1.425e-01,1.431e-01,1.434e-01,1.441e-01,1.444e-01,1.451e-01,1.453e-01,1.459e-01,1.460e-01,1.466e-01,1.466e-01,1.470e-01,1.468e-01,1.472e-01,1.469e-01,1.471e-01,1.468e-01,1.471e-01,1.468e-01,1.470e-01,1.468e-01,1.471e-01,1.470e-01,1.473e-01,1.473e-01,1.476e-01,1.475e-01,1.479e-01,1.477e-01,1.479e-01,1.476e-01,1.475e-01,1.470e-01,1.468e-01,1.461e-01,1.456e-01,1.448e-01,1.443e-01,1.434e-01,1.428e-01,1.419e-01,1.413e-01,1.403e-01,1.396e-01,1.385e-01,1.377e-01,1.365e-01,1.354e-01,1.340e-01,1.329e-01,1.314e-01,1.303e-01,1.289e-01,1.281e-01,1.272e-01,1.270e-01,1.267e-01,1.271e-01,1.273e-01,1.280e-01,1.285e-01,1.294e-01,1.299e-01,1.307e-01,1.312e-01,1.319e-01,1.324e-01,1.333e-01,1.337e-01,1.347e-01
1.331e-01,1.340e-01,1.348e-01,1.360e-01,1.363e-01,1.377e-01,1.387e-01,1.392e-01,1.403e-01,1.425e-01,1.430e-01,1.467e-01,1.493e-01,1.514e-01,1.595e-01,1.685e-01,1.752e-01,1.840e-01,1.886e-01,1.947e-01,2.017e-01,2.067e-01,2.083e-01,2.057e-01,1.990e-01,1.922e-01,1.857e-01,1.803e-01,1.737e-01,1.673e-01,1.611e-01,1.567e-01,1.519e-01,1.481e-01,1.441e-01,1.418e-01,1.392e-01,1.379e-01,1.361e-01,1.357e-01,1.348e-01,1.352e-01,1.351e-01,1.362e-01,1.368e-01,1.385e-01,1.395e-01,1.417e-01,1.431e-01,1.455e-01,1.471e-01,1.496e-01,1.513e-01,1.537e-01,1.553e-01,1.575e-01,1.588e-01,1.606e-01,1.614e-01,1.626e-01,1.628e-01,1.632e-01,1.628e-01,1.626e-01,1.616e-01,1.609e-01,1.592e-01,1.578e-01,1.555e-01,1.533e-01,1.502e-01,1.472e-01,1.432e-01,1.395e-01,1.346e-01,1.301e-01,1.244e-01,1.191e-01,1.128e-01,1.071e-01,1.007e-01,9.539e-02,8.946e-02,8.521e-02,8.049e-02,7.767e-02,7.456e-02,7.332e-02,7.199e-02,7.230e-02,7.268e-02,7.443e-02,7.631e-02,7.930e-02,8.239e-02,8.636e-02,9.033e-02,9.497e-02,9.947e-02,1.045e-01,1.091e-01,1.140e-01,1.185e-01,1.230e-01,1.268e-01,1.306e-01,1.336e-01,1.364e-01,1.384e-01,1.403e-01,1.413e-01,1.423e-01,1.426e-01,1.429e-01,1.426e-01,1.425e-01,1.418e-01,1.415e-01,1.407e-01,1.404e-01,1.395e-01,1.392e-01,1.384e-01,1.382e-01,1.376e-01,1.376e-01,1.372e-01,1.375e-01,1.374e-01,1.379e-01,1.379e-01,1.385e-01,1.387e-01,1.393e-01,1.394e-01,1.400e-01,1.399e-01,1.404e-01,1.403e-01,1.406e-01,1.404e-01,1.407e-01,1.404e-01,1.407e-01,1.404e-01,1.406e-01,1.404e-01,1.407e-01,1.405e-01,1.409e-01,1.408e-01,1.413e-01,1.413e-01,1.418e-01,1.419e-01,1.425e-01,1.425e-01,1.430e-01,1.430e-01,1.433e-01,1.431e-01,1.433e-01,1.429e-01,1.428e-01,1.422e-01,1.419e-01,1.412e-01,1.408e-01,1.400e-01,1.396e-01,1.388e-01,1.383e-01,1.374e-01,1.368e-01,1.358e-01,1.350e-01,1.338e-01,1.329e-01,1.315e-01,1.304e-01,1.289e-01,1.279e-01,1.265e-01,1.258e-01,1.250e-01,1.248e-01,1.246e-01,1.251e-01,1.253e-01,1.261e-01,1.266e-01,1.275e-01,1.280e-01,1.289e-01,1.293e-01,1.301e-01,1.305e-01,1.312e-01,1.316e-01,1.326e-01
1.304e-01,1.315e-01,1.320e-01,1.327e-01,1.332e-01,1.345e-01,1.343e-01,1.349e-01,1.363e-01,1.367e-01,1.370e-01,1.401e-01,1.413e-01,1.473e-01,1.556e-01,1.605e-01,1.677e-01,1.784e-01,1.901e-01,2.038e-01,2.090e-01,2.022e-01,1.895e-01,1.789e-01,1.696e-01,1.616e-01,1.519e-01,1.436e-01,1.363e-01,1.307e-01,1.243e-01,1.194e-01,1.147e-01,1.120e-01,1.086e-01,1.068e-01,1.043e-01,1.035e-01,1.017e-01,1.016e-01,1.005e-01,1.012e-01,1.010e-01,1.025e-01,1.031e-01,1.053e-01,1.066e-01,1.093e-01,1.111e-01,1.142e-01,1.164e-01,1.197e-01,1.222e-01,1.256e-01,1.281e-01,1.314e-01,1.337e-01,1.366e-01,1.385e-01,1.407e-01,1.419e-01,1.434e-01,1.438e-01,1.444e-01,1.439e-01,1.437e-01,1.423e-01,1.411e-01,1.387e-01,1.365e-01,1.330e-01,1.297e-01,1.250e-01,1.205e-01,1.147e-01,1.092e-01,1.024e-01,9.621e-02,8.880e-02,8.251e-02,7.520e-02,6.963e-02,6.326e-02,5.893e-02,5.415e-02,5.131e-02,4.840e-02,4.717e-02,4.619e-02,4.659e-02,4.742e-02,4.937e-02,5.175e-02,5.503e-02,5.865e-02,6.295e-02,6.746e-02,7.246e-02,7.752e-02,8.291e-02,8.817e-02,9.361e-02,9.874e-02,1.039e-01,1.086e-01,1.131e-01,1.170e-01,1.208e-01,1.237e-01,1.265e-01,1.285e-01,1.304e-01,1.315e-01,1.326e-01,1.330e-01,1.336e-01,1.335e-01,1.337e-01,1.334e-01,1.334e-01,1.329e-01,1.329e-01,1.324e-01,1.323e-01,1.319e-01,1.320e-01,1.318e-01,1.321e-01,1.320e-01,1.324e-01,1.324e-01,1.329e-01,1.329e-01,1.333e-01,1.331e-01,1.335e-01,1.332e-01,1.334e-01,1.330e-01,1.332e-01,1.328e-01,1.330e-01,1.326e-01,1.328e-01,1.325e-01,1.328e-01,1.327e-01,1.331e-01,1.331e-01,1.336e-01,1.338e-01,1.344e-01,1.347e-01,1.354e-01,1.357e-01,1.365e-01,1.367e-01,1.374e-01,1.375e-01,1.381e-01,1.380e-01,1.383e-01,1.381e-01,1.382e-01,1.377e-01,1.376e-01,1.370e-01,1.368e-01,1.362e-01,1.359e-01,1.352e-01,1.349e-01,1.340e-01,1.335e-01,1.326e-01,1.319e-01,1.307e-01,1.299e-01,1.285e-01,1.276e-01,1.261e-01,1.252e-01,1.239e-01,1.232e-01,1.224e-01,1.224e-01,1.222e-01,1.227e-01,1.230e-01,1.239e-01,1.244e-01,1.254e-01,1.259e-01,1.268e-01,1.271e-01,1.279e-01,1.282e-01,1.289e-01,1.293e-01,1.301e-01
1.277e-01,1.287e-01,1.288e-01,1.296e-01,1.300e-01,1.304e-01,1.300e-01,1.311e-01,1.308e-01,1.299e-01,1.311e-01,1.323e-01,1.334e-01,1.396e-01,1.413e-01,1.496e-01,1.716e-01,1.883e-01,1.915e-01,1.825e-01,1.650e-01,1.485e-01,1.326e-01,1.199e-01,1.092e-01,1.038e-01,9.973e-02,9.551e-02,8.972e-02,8.628e-02,8.267e-02,8.094e-02,7.791e-02,7.681e-02,7.439e-02,7.372e-02,7.138e-02,7.098e-02,6.905e-02,6.905e-02,6.771e-02,6.840e-02,6.801e-02,6.946e-02,6.997e-02,7.217e-02,7.356e-02,7.642e-02,7.853e-02,8.193e-02,8.463e-02,8.845e-02,9.159e-02,9.566e-02,9.900e-02,1.031e-01,1.063e-01,1.101e-01,1.129e-01,1.161e-01,1.182e-01,1.205e-01,1.217e-01,1.230e-01,1.231e-01,1.234e-01,1.223e-01,1.214e-01,1.190e-01,1.168e-01,1.130e-01,1.093e-01,1.041e-01,9.913e-02,9.257e-02,8.645e-02,7.882e-02,7.217e-02,6.411e-02,5.772e-02,5.017e-02,4.467e-02,3.846e-02,3.418e-02,2.976e-02,2.691e-02,2.440e-02,2.315e-02,2.253e-02,2.297e-02,2.414e-02,2.622e-02,2.896e-02,3.245e-02,3.646e-02,4.104e-02,4.595e-02,5.125e-02,5.672e-02,6.242e-02,6.812e-02,7.394e-02,7.958e-02,8.521e-02,9.050e-02,9.567e-02,1.003e-01,1.048e-01,1.086e-01,1.122e-01,1.151e-01,1.177e-01,1.197e-01,1.215e-01,1.227e-01,1.238e-01,1.244e-01,1.251e-01,1.253e-01,1.257e-01,1.256e-01,1.258e-01,1.256e-01,1.257e-01,1.255e-01,1.257e-01,1.255e-01,1.257e-01,1.256e-01,1.259e-01,1.257e-01,1.260e-01,1.257e-01,1.259e-01,1.255e-01,1.255e-01,1.250e-01,1.249e-01,1.244e-01,1.244e-01,1.239e-01,1.240e-01,1.236e-01,1.239e-01,1.237e-01,1.241e-01,1.241e-01,1.247e-01,1.249e-01,1.257e-01,1.261e-01,1.270e-01,1.275e-01,1.285e-01,1.290e-01,1.300e-01,1.304e-01,1.313e-01,1.316e-01,1.323e-01,1.324e-01,1.329e-01,1.328e-01,1.331e-01,1.328e-01,1.328e-01,1.324e-01,1.324e-01,1.319e-01,1.318e-01,1.312e-01,1.310e-01,1.302e-01,1.299e-01,1.290e-01,1.284e-01,1.273e-01,1.266e-01,1.253e-01,1.244e-01,1.230e-01,1.221e-01,1.209e-01,1.203e-01,1.196e-01,1.196e-01,1.195e-01,1.202e-01,1.205e-01,1.214e-01,1.220e-01,1.230e-01,1.235e-01,1.244e-01,1.247e-01,1.255e-01,1.257e-01,1.265e-01,1.267e-01,1.274e-01
1.250e-01,1.256e-01,1.257e-01,1.266e-01,1.264e-01,1.263e-01,1.264e-01,1.265e-01,1.244e-01,1.243e-01,1.250e-01,1.229e-01,1.227e-01,1.259e-01,1.315e-01,1.492e-01,1.654e-01,1.603e-01,1.305e-01,1.034e-01,8.084e-02,5.692e-02,4.260e-02,4.329e-02,4.412e-02,4.513e-02,4.577e-02,4.829e-02,4.788e-02,4.861e-02,4.767e-02,4.887e-02,4.754e-02,4.771e-02,4.569e-02,4.561e-02,4.318e-02,4.261e-02,4.038e-02,4.016e-02,3.855e-02,3.886e-02,3.818e-02,3.930e-02,3.965e-02,4.160e-02,4.293e-02,4.568e-02,4.789e-02,5.136e-02,5.433e-02,5.838e-02,6.193e-02,6.638e-02,7.024e-02,7.482e-02,7.868e-02,8.304e-02,8.652e-02,9.033e-02,9.309e-02,9.604e-02,9.782e-02,9.970e-02,1.003e-01,1.010e-01,1.002e-01,9.948e-02,9.721e-02,9.494e-02,9.103e-02,8.719e-02,8.162e-02,7.636e-02,6.931e-02,6.308e-02,5.507e-02,4.857e-02,4.051e-02,3.443e-02,2.733e-02,2.212e-02,1.658e-02,1.250e-02,8.678e-03,5.948e-03,3.809e-03,2.619e-03,2.169e-03,2.633e-03,3.875e-03,5.984e-03,8.815e-03,1.240e-02,1.656e-02,2.129e-02,2.642e-02,3.194e-02,3.766e-02,4.360e-02,4.959e-02,5.566e-02,6.165e-02,6.761e-02,7.334e-02,7.895e-02,8.417e-02,8.917e-02,9.366e-02,9.788e-02,1.015e-01,1.048e-01,1.075e-01,1.100e-01,1.118e-01,1.136e-01,1.148e-01,1.159e-01,1.166e-01,1.173e-01,1.176e-01,1.181e-01,1.181e-01,1.184e-01,1.182e-01,1.184e-01,1.182e-01,1.183e-01,1.180e-01,1.181e-01,1.177e-01,1.177e-01,1.171e-01,1.170e-01,1.163e-01,1.161e-01,1.154e-01,1.152e-01,1.146e-01,1.146e-01,1.141e-01,1.143e-01,1.140e-01,1.144e-01,1.144e-01,1.150e-01,1.153e-01,1.161e-01,1.166e-01,1.176e-01,1.182e-01,1.194e-01,1.201e-01,1.214e-01,1.221e-01,1.233e-01,1.239e-01,1.250e-01,1.255e-01,1.263e-01,1.266e-01,1.272e-01,1.273e-01,1.277e-01,1.276e-01,1.278e-01,1.275e-01,1.276e-01,1.273e-01,1.273e-01,1.269e-01,1.268e-01,1.262e-01,1.259e-01,1.251e-01,1.247e-01,1.237e-01,1.230e-01,1.218e-01,1.210e-01,1.197e-01,1.189e-01,1.178e-01,1.173e-01,1.166e-01,1.167e-01,1.167e-01,1.174e-01,1.178e-01,1.188e-01,1.193e-01,1.204e-01,1.209e-01,1.218e-01,1.222e-01,1.229e-01,1.231e-01,1.238e-01,1.239e-01,1.247e-01
1.221e-01,1.227e-01,1.229e-01,1.233e-01,1.228e-01,1.230e-01,1.224e-01,1.211e-01,1.195e-01,1.191e-01,1.158e-01,1.124e-01,1.128e-01,1.127e-01,1.175e-01,1.253e-01,1.173e-01,8.550e-02,4.346e-02,1.736e-02,nan,4.759e-03,6.486e-03,4.113e-03,3.217e-03,9.412e-03,1.225e-02,1.708e-02,1.961e-02,2.349e-02,2.371e-02,2.549e-02,2.477e-02,2.543e-02,2.307e-02,2.243e-02,1.989e-02,1.897e-02,1.641e-02,1.557e-02,1.377e-02,1.354e-02,1.263e-02,1.325e-02,1.344e-02,1.497e-02,1.620e-02,1.866e-02,2.086e-02,2.416e-02,2.721e-02,3.123e-02,3.493e-02,3.946e-02,4.355e-02,4.829e-02,5.242e-02,5.703e-02,6.084e-02,6.496e-02,6.809e-02,7.139e-02,7.354e-02,7.578e-02,7.670e-02,7.765e-02,7.712e-02,7.659e-02,7.440e-02,7.224e-02,6.826e-02,6.450e-02,5.877e-02,5.368e-02,4.654e-02,4.069e-02,3.294e-02,2.700e-02,1.970e-02,1.422e-02,8.180e-03,3.521e-03,-1.043e-03,-4.632e-03,-7.810e-03,-1.018e-02,-1.203e-02,-1.309e-02,-1.354e-02,-1.316e-02,-1.212e-02,-1.022e-02,-7.642e-03,-4.265e-03,-2.758e-04,4.362e-03,9.455e-03,1.499e-02,2.079e-02,2.685e-02,3.298e-02,3.922e-02,4.541e-02,5.158e-02,5.758e-02,6.347e-02,6.906e-02,7.445e-02,7.942e-02,8.410e-02,8.827e-02,9.212e-02,9.541e-02,9.841e-02,1.008e-01,1.031e-01,1.047e-01,1.063e-01,1.074e-01,1.084e-01,1.090e-01,1.096e-01,1.098e-01,1.101e-01,1.100e-01,1.101e-01,1.098e-01,1.097e-01,1.092e-01,1.090e-01,1.083e-01,1.080e-01,1.073e-01,1.069e-01,1.061e-01,1.058e-01,1.051e-01,1.050e-01,1.045e-01,1.045e-01,1.043e-01,1.046e-01,1.046e-01,1.052e-01,1.055e-01,1.064e-01,1.069e-01,1.080e-01,1.087e-01,1.100e-01,1.109e-01,1.123e-01,1.132e-01,1.146e-01,1.156e-01,1.169e-01,1.177e-01,1.189e-01,1.195e-01,1.205e-01,1.209e-01,1.217e-01,1.219e-01,1.224e-01,1.224e-01,1.227e-01,1.226e-01,1.229e-01,1.227e-01,1.228e-01,1.225e-01,1.225e-01,1.220e-01,1.219e-01,1.212e-01,1.208e-01,1.199e-01,1.194e-01,1.183e-01,1.175e-01,1.163e-01,1.156e-01,1.145e-01,1.141e-01,1.135e-01,1.137e-01,1.137e-01,1.145e-01,1.149e-01,1.160e-01,1.166e-01,1.177e-01,1.182e-01,1.192e-01,1.195e-01,1.203e-01,1.205e-01,1.211e-01,1.213e-01,1.220e-01
1.195e-01,1.201e-01,1.202e-01,1.202e-01,1.199e-01,1.199e-01,1.182e-01,1.168e-01,1.155e-01,1.123e-01,1.068e-01,1.054e-01,1.024e-01,9.181e-02,8.877e-02,9.270e-02,4.435e-02,nan,nan,nan,nan,nan,nan,nan,-3.505e-03,-3.187e-03,-6.860e-04,3.229e-03,4.145e-03,7.869e-03,8.510e-03,9.768e-03,8.015e-03,7.940e-03,5.524e-03,4.242e-03,1.312e-03,-2.541e-04,-2.944e-03,-4.358e-03,-6.404e-03,-7.150e-03,-8.247e-03,-8.121e-03,-8.168e-03,-7.038e-03,-6.013e-03,-3.912e-03,-1.891e-03,1.134e-03,4.037e-03,7.841e-03,1.144e-02,1.581e-02,1.983e-02,2.448e-02,2.859e-02,3.318e-02,3.701e-02,4.118e-02,4.438e-02,4.782e-02,5.009e-02,5.251e-02,5.357e-02,5.474e-02,5.432e-02,5.402e-02,5.189e-02,5.002e-02,4.607e-02,4.271e-02,3.709e-02,3.259e-02,2.589e-02,2.081e-02,1.404e-02,8.976e-03,3.074e-03,-1.466e-03,-6.117e-03,-9.805e-03,-1.329e-02,-1.601e-02,-1.851e-02,-2.030e-02,-2.187e-02,-2.273e-02,-2.330e-02,-2.312e-02,-2.253e-02,-2.113e-02,-1.919e-02,-1.642e-02,-1.304e-02,-8.916e-03,-4.258e-03,9.742e-04,6.563e-03,1.251e-02,1.860e-02,2.486e-02,3.111e-02,3.738e-02,4.351e-02,4.955e-02,5.535e-02,6.097e-02,6.623e-02,7.122e-02,7.576e-02,7.998e-02,8.369e-02,8.707e-02,8.993e-02,9.251e-02,9.457e-02,9.642e-02,9.778e-02,9.900e-02,9.975e-02,1.004e-01,1.007e-01,1.009e-01,1.007e-01,1.006e-01,1.001e-01,9.983e-02,9.912e-02,9.868e-02,9.787e-02,9.742e-02,9.662e-02,9.627e-02,9.559e-02,9.544e-02,9.497e-02,9.508e-02,9.487e-02,9.527e-02,9.533e-02,9.601e-02,9.634e-02,9.729e-02,9.786e-02,9.904e-02,9.982e-02,1.012e-01,1.021e-01,1.036e-01,1.047e-01,1.063e-01,1.074e-01,1.089e-01,1.100e-01,1.114e-01,1.123e-01,1.136e-01,1.143e-01,1.154e-01,1.159e-01,1.167e-01,1.169e-01,1.175e-01,1.176e-01,1.180e-01,1.180e-01,1.184e-01,1.183e-01,1.185e-01,1.183e-01,1.184e-01,1.180e-01,1.180e-01,1.174e-01,1.171e-01,1.163e-01,1.158e-01,1.148e-01,1.141e-01,1.130e-01,1.123e-01,1.114e-01,1.110e-01,1.105e-01,1.108e-01,1.109e-01,1.116e-01,1.122e-01,1.133e-01,1.139e-01,1.150e-01,1.156e-01,1.166e-01,1.170e-01,1.178e-01,1.180e-01,1.186e-01,1.189e-01,1.194e-01
1.173e-01,1.178e-01,1.177e-01,1.178e-01,1.174e-01,1.167e-01,1.150e-01,1.137e-01,1.104e-01,1.062e-01,1.019e-01,9.612e-02,8.454e-02,7.525e-02,6.801e-02,3.215e-02,nan,nan,nan,nan,nan,nan,nan,nan,nan,-2.208e-03,-5.572e-03,-2.031e-03,-2.113e-03,-9.847e-04,-2.078e-03,-1.489e-03,-3.837e-03,-5.024e-03,-7.776e-03,-9.591e-03,-1.281e-02,-1.494e-02,-1.777e-02,-1.961e-02,-2.191e-02,-2.307e-02,-2.441e-02,-2.466e-02,-2.500e-02,-2.425e-02,-2.354e-02,-2.180e-02,-2.010e-02,-1.741e-02,-1.483e-02,-1.134e-02,-8.059e-03,-3.974e-03,-2.576e-04,4.137e-03,7.965e-03,1.235e-02,1.594e-02,1.999e-02,2.302e-02,2.643e-02,2.861e-02,3.111e-02,3.214e-02,3.349e-02,3.309e-02,3.310e-02,3.106e-02,2.964e-02,2.592e-02,2.320e-02,1.815e-02,1.449e-02,8.895e-03,4.838e-03,-3.387e-04,-4.178e-03,-8.362e-03,-1.152e-02,-1.467e-02,-1.699e-02,-1.933e-02,-2.091e-02,-2.266e-02,-2.368e-02,-2.494e-02,-2.549e-02,-2.623e-02,-2.625e-02,-2.629e-02,-2.556e-02,-2.461e-02,-2.281e-02,-2.055e-02,-1.744e-02,-1.376e-02,-9.327e-03,-4.414e-03,1.032e-03,6.765e-03,1.279e-02,1.889e-02,2.509e-02,3.121e-02,3.727e-02,4.314e-02,4.884e-02,5.424e-02,5.938e-02,6.412e-02,6.854e-02,7.249e-02,7.611e-02,7.922e-02,8.201e-02,8.428e-02,8.629e-02,8.779e-02,8.907e-02,8.986e-02,9.050e-02,9.067e-02,9.077e-02,9.045e-02,9.017e-02,8.952e-02,8.904e-02,8.825e-02,8.776e-02,8.702e-02,8.669e-02,8.613e-02,8.607e-02,8.578e-02,8.605e-02,8.605e-02,8.663e-02,8.691e-02,8.776e-02,8.828e-02,8.937e-02,9.010e-02,9.138e-02,9.228e-02,9.372e-02,9.477e-02,9.633e-02,9.749e-02,9.912e-02,1.003e-01,1.020e-01,1.032e-01,1.048e-01,1.059e-01,1.073e-01,1.083e-01,1.095e-01,1.103e-01,1.113e-01,1.118e-01,1.126e-01,1.129e-01,1.135e-01,1.136e-01,1.141e-01,1.141e-01,1.145e-01,1.145e-01,1.148e-01,1.146e-01,1.148e-01,1.145e-01,1.144e-01,1.140e-01,1.137e-01,1.130e-01,1.125e-01,1.116e-01,1.110e-01,1.100e-01,1.093e-01,1.085e-01,1.082e-01,1.078e-01,1.080e-01,1.083e-01,1.090e-01,1.097e-01,1.107e-01,1.115e-01,1.126e-01,1.133e-01,1.142e-01,1.147e-01,1.155e-01,1.158e-01,1.164e-01,1.166e-01,1.171e-01
1.156e-01,1.159e-01,1.158e-01,1.161e-01,1.153e-01,1.142e-01,1.130e-01,1.108e-01,1.062e-01,1.027e-01,9.685e-02,8.598e-02,7.589e-02,6.692e-02,3.871e-02,8.728e-03,nan,nan,nan,nan,nan,nan,nan,nan,nan,3.125e-05,-3.859e-03,-4.107e-03,-5.953e-03,-5.672e-03,-8.470e-03,-9.286e-03,-1.187e-02,-1.365e-02,-1.696e-02,-1.925e-02,-2.250e-02,-2.499e-02,-2.809e-02,-3.023e-02,-3.267e-02,-3.415e-02,-3.577e-02,-3.634e-02,-3.696e-02,-3.657e-02,-3.619e-02,-3.481e-02,-3.347e-02,-3.118e-02,-2.899e-02,-2.590e-02,-2.303e-02,-1.936e-02,-1.608e-02,-1.209e-02,-8.696e-03,-4.677e-03,-1.485e-03,2.279e-03,4.979e-03,8.228e-03,1.016e-02,1.266e-02,1.356e-02,1.508e-02,1.470e-02,1.504e-02,1.323e-02,1.235e-02,9.214e-03,7.248e-03,3.294e-03,6.474e-04,-3.322e-03,-6.045e-03,-9.342e-03,-1.157e-02,-1.396e-02,-1.541e-02,-1.704e-02,-1.779e-02,-1.896e-02,-1.928e-02,-2.023e-02,-2.038e-02,-2.128e-02,-2.139e-02,-2.226e-02,-2.234e-02,-2.305e-02,-2.293e-02,-2.315e-02,-2.246e-02,-2.173e-02,-2.000e-02,-1.788e-02,-1.480e-02,-1.117e-02,-6.771e-03,-1.922e-03,3.439e-03,9.033e-03,1.487e-02,2.073e-02,2.663e-02,3.239e-02,3.803e-02,4.340e-02,4.855e-02,5.332e-02,5.780e-02,6.182e-02,6.550e-02,6.869e-02,7.153e-02,7.387e-02,7.588e-02,7.737e-02,7.860e-02,7.932e-02,7.984e-02,7.990e-02,7.987e-02,7.946e-02,7.911e-02,7.847e-02,7.805e-02,7.745e-02,7.722e-02,7.686e-02,7.698e-02,7.697e-02,7.750e-02,7.786e-02,7.876e-02,7.942e-02,8.060e-02,8.149e-02,8.286e-02,8.390e-02,8.541e-02,8.654e-02,8.813e-02,8.935e-02,9.100e-02,9.227e-02,9.394e-02,9.524e-02,9.692e-02,9.821e-02,9.983e-02,1.011e-01,1.026e-01,1.037e-01,1.050e-01,1.060e-01,1.071e-01,1.078e-01,1.087e-01,1.092e-01,1.099e-01,1.102e-01,1.107e-01,1.108e-01,1.112e-01,1.113e-01,1.116e-01,1.116e-01,1.119e-01,1.118e-01,1.119e-01,1.117e-01,1.116e-01,1.112e-01,1.110e-01,1.103e-01,1.099e-01,1.091e-01,1.084e-01,1.075e-01,1.069e-01,1.061e-01,1.058e-01,1.055e-01,1.058e-01,1.061e-01,1.069e-01,1.076e-01,1.087e-01,1.095e-01,1.106e-01,1.113e-01,1.123e-01,1.128e-01,1.136e-01,1.140e-01,1.146e-01,1.148e-01,1.154e-01
1.144e-01,1.148e-01,1.147e-01,1.147e-01,1.139e-01,1.131e-01,1.112e-01,1.086e-01,1.048e-01,9.985e-02,9.195e-02,8.287e-02,6.955e-02,5.050e-02,2.578e-02,6.368e-03,nan,nan,nan,nan,nan,nan,nan,nan,nan,7.728e-04,-2.769e-03,-4.342e-03,-8.032e-03,-8.607e-03,-1.181e-02,-1.344e-02,-1.653e-02,-1.857e-02,-2.195e-02,-2.452e-02,-2.791e-02,-3.054e-02,-3.375e-02,-3.606e-02,-3.866e-02,-4.035e-02,-4.216e-02,-4.299e-02,-4.385e-02,-4.376e-02,-4.368e-02,-4.265e-02,-4.166e-02,-3.976e-02,-3.797e-02,-3.534e-02,-3.293e-02,-2.977e-02,-2.699e-02,-2.354e-02,-2.067e-02,-1.717e-02,-1.447e-02,-1.116e-02,-8.861e-03,-5.933e-03,-4.268e-03,-1.920e-03,-1.104e-03,4.649e-04,2.467e-04,8.742e-04,-4.294e-04,-7.731e-04,-2.934e-03,-4.039e-03,-6.510e-03,-7.896e-03,-1.003e-02,-1.111e-02,-1.250e-02,-1.289e-02,-1.354e-02,-1.321e-02,-1.339e-02,-1.262e-02,-1.266e-02,-1.181e-02,-1.199e-02,-1.130e-02,-1.179e-02,-1.141e-02,-1.227e-02,-1.225e-02,-1.344e-02,-1.370e-02,-1.498e-02,-1.524e-02,-1.611e-02,-1.585e-02,-1.567e-02,-1.429e-02,-1.257e-02,-9.761e-03,-6.449e-03,-2.316e-03,2.215e-03,7.240e-03,1.244e-02,1.785e-02,2.322e-02,2.857e-02,3.371e-02,3.869e-02,4.332e-02,4.768e-02,5.161e-02,5.521e-02,5.832e-02,6.109e-02,6.334e-02,6.526e-02,6.666e-02,6.778e-02,6.841e-02,6.885e-02,6.888e-02,6.886e-02,6.854e-02,6.837e-02,6.803e-02,6.801e-02,6.792e-02,6.830e-02,6.864e-02,6.951e-02,7.030e-02,7.162e-02,7.278e-02,7.443e-02,7.584e-02,7.767e-02,7.918e-02,8.107e-02,8.261e-02,8.449e-02,8.600e-02,8.783e-02,8.930e-02,9.108e-02,9.250e-02,9.421e-02,9.559e-02,9.722e-02,9.852e-02,1.000e-01,1.012e-01,1.026e-01,1.036e-01,1.048e-01,1.057e-01,1.066e-01,1.072e-01,1.079e-01,1.083e-01,1.088e-01,1.090e-01,1.093e-01,1.094e-01,1.097e-01,1.097e-01,1.099e-01,1.099e-01,1.101e-01,1.100e-01,1.101e-01,1.099e-01,1.098e-01,1.094e-01,1.091e-01,1.085e-01,1.080e-01,1.072e-01,1.066e-01,1.057e-01,1.051e-01,1.044e-01,1.041e-01,1.039e-01,1.042e-01,1.045e-01,1.053e-01,1.061e-01,1.072e-01,1.081e-01,1.092e-01,1.100e-01,1.109e-01,1.115e-01,1.123e-01,1.127e-01,1.134e-01,1.137e-01,1.142e-01
1.139e-01,1.144e-01,1.143e-01,1.140e-01,1.135e-01,1.128e-01,1.103e-01,1.078e-01,1.047e-01,9.831e-02,8.987e-02,8.184e-02,6.468e-02,4.433e-02,1.791e-02,nan,nan,nan,nan,nan,nan,nan,nan,nan,nan,nan,-1.991e-03,-3.017e-03,-7.756e-03,-9.510e-03,-1.257e-02,-1.406e-02,-1.746e-02,-1.963e-02,-2.283e-02,-2.540e-02,-2.887e-02,-3.148e-02,-3.463e-02,-3.699e-02,-3.970e-02,-4.143e-02,-4.334e-02,-4.431e-02,-4.538e-02,-4.546e-02,-4.563e-02,-4.489e-02,-4.423e-02,-4.270e-02,-4.133e-02,-3.918e-02,-3.726e-02,-3.467e-02,-3.246e-02,-2.964e-02,-2.736e-02,-2.451e-02,-2.236e-02,-1.964e-02,-1.778e-02,-1.532e-02,-1.391e-02,-1.184e-02,-1.103e-02,-9.502e-03,-9.390e-03,-8.513e-03,-9.071e-03,-8.806e-03,-9.758e-03,-9.817e-03,-1.068e-02,-1.058e-02,-1.090e-02,-1.020e-02,-9.818e-03,-8.391e-03,-7.465e-03,-5.544e-03,-4.428e-03,-2.409e-03,-1.473e-03,3.039e-04,8.074e-04,2.141e-03,2.087e-03,2.878e-03,2.202e-03,2.392e-03,1.061e-03,6.425e-04,-1.263e-03,-2.146e-03,-4.283e-03,-5.216e-03,-6.923e-03,-7.249e-03,-7.752e-03,-6.848e-03,-5.665e-03,-3.278e-03,-4.608e-04,3.201e-03,7.185e-03,1.164e-02,1.619e-02,2.091e-02,2.552e-02,3.007e-02,3.434e-02,3.840e-02,4.207e-02,4.545e-02,4.836e-02,5.096e-02,5.305e-02,5.485e-02,5.615e-02,5.723e-02,5.786e-02,5.839e-02,5.858e-02,5.885e-02,5.892e-02,5.925e-02,5.953e-02,6.024e-02,6.096e-02,6.220e-02,6.345e-02,6.523e-02,6.694e-02,6.911e-02,7.112e-02,7.350e-02,7.562e-02,7.804e-02,8.012e-02,8.244e-02,8.439e-02,8.655e-02,8.835e-02,9.034e-02,9.199e-02,9.381e-02,9.532e-02,9.700e-02,9.837e-02,9.990e-02,1.011e-01,1.025e-01,1.036e-01,1.048e-01,1.057e-01,1.067e-01,1.073e-01,1.081e-01,1.085e-01,1.090e-01,1.092e-01,1.095e-01,1.095e-01,1.097e-01,1.096e-01,1.097e-01,1.096e-01,1.097e-01,1.096e-01,1.096e-01,1.095e-01,1.095e-01,1.092e-01,1.090e-01,1.086e-01,1.083e-01,1.077e-01,1.072e-01,1.064e-01,1.057e-01,1.049e-01,1.042e-01,1.035e-01,1.033e-01,1.030e-01,1.033e-01,1.037e-01,1.045e-01,1.053e-01,1.064e-01,1.073e-01,1.085e-01,1.093e-01,1.103e-01,1.109e-01,1.117e-01,1.122e-01,1.128e-01,1.132e-01,1.137e-01
1.142e-01,1.146e-01,1.145e-01,1.145e-01,1.138e-01,1.130e-01,1.111e-01,1.085e-01,1.047e-01,9.978e-02,9.185e-02,8.279e-02,6.947e-02,5.028e-02,2.541e-02,6.199e-03,nan,nan,nan,nan,nan,nan,nan,nan,nan,6.446e-04,-3.078e-03,-4.449e-03,-7.688e-03,-7.851e-03,-1.074e-02,-1.207e-02,-1.489e-02,-1.663e-02,-1.974e-02,-2.204e-02,-2.524e-02,-2.763e-02,-3.073e-02,-3.290e-02,-3.551e-02,-3.715e-02,-3.910e-02,-4.002e-02,-4.117e-02,-4.132e-02,-4.169e-02,-4.111e-02,-4.077e-02,-3.957e-02,-3.865e-02,-3.697e-02,-3.564e-02,-3.365e-02,-3.209e-02,-2.997e-02,-2.835e-02,-2.623e-02,-2.470e-02,-2.266e-02,-2.129e-02,-1.937e-02,-1.824e-02,-1.650e-02,-1.565e-02,-1.416e-02,-1.364e-02,-1.245e-02,-1.217e-02,-1.115e-02,-1.086e-02,-9.714e-03,-9.039e-03,-7.382e-03,-6.062e-03,-3.690e-03,-1.749e-03,1.207e-03,3.466e-03,6.614e-03,8.766e-03,1.167e-02,1.337e-02,1.575e-02,1.680e-02,1.853e-02,1.888e-02,1.991e-02,1.954e-02,1.985e-02,1.867e-02,1.821e-02,1.618e-02,1.498e-02,1.222e-02,1.052e-02,7.473e-03,5.799e-03,3.277e-03,2.355e-03,1.179e-03,1.583e-03,2.161e-03,4.021e-03,6.188e-03,9.201e-03,1.242e-02,1.608e-02,1.976e-02,2.356e-02,2.718e-02,3.072e-02,3.394e-02,3.697e-02,3.958e-02,4.196e-02,4.390e-02,4.562e-02,4.693e-02,4.810e-02,4.893e-02,4.977e-02,5.040e-02,5.122e-02,5.196e-02,5.307e-02,5.421e-02,5.584e-02,5.753e-02,5.973e-02,6.194e-02,6.462e-02,6.721e-02,7.015e-02,7.290e-02,7.590e-02,7.860e-02,8.146e-02,8.398e-02,8.660e-02,8.885e-02,9.118e-02,9.316e-02,9.520e-02,9.693e-02,9.873e-02,1.002e-01,1.018e-01,1.031e-01,1.045e-01,1.057e-01,1.069e-01,1.078e-01,1.088e-01,1.095e-01,1.103e-01,1.107e-01,1.113e-01,1.115e-01,1.118e-01,1.118e-01,1.118e-01,1.117e-01,1.116e-01,1.113e-01,1.112e-01,1.110e-01,1.109e-01,1.106e-01,1.106e-01,1.103e-01,1.102e-01,1.098e-01,1.095e-01,1.090e-01,1.086e-01,1.080e-01,1.074e-01,1.066e-01,1.059e-01,1.050e-01,1.043e-01,1.036e-01,1.033e-01,1.031e-01,1.034e-01,1.038e-01,1.046e-01,1.054e-01,1.065e-01,1.074e-01,1.085e-01,1.094e-01,1.104e-01,1.110e-01,1.119e-01,1.123e-01,1.130e-01,1.134e-01,1.140e-01
1.152e-01,1.155e-01,1.154e-01,1.158e-01,1.150e-01,1.140e-01,1.128e-01,1.107e-01,1.060e-01,1.025e-01,9.669e-02,8.584e-02,7.575e-02,6.665e-02,3.842e-02,8.683e-03,nan,nan,nan,nan,nan,nan,nan,nan,nan,6.163e-06,-4.015e-03,-3.994e-03,-5.114e-03,-4.157e-03,-6.389e-03,-6.623e-03,-8.631e-03,-9.797e-03,-1.259e-02,-1.428e-02,-1.709e-02,-1.906e-02,-2.190e-02,-2.367e-02,-2.606e-02,-2.738e-02,-2.921e-02,-2.988e-02,-3.100e-02,-3.103e-02,-3.153e-02,-3.097e-02,-3.094e-02,-2.998e-02,-2.958e-02,-2.835e-02,-2.773e-02,-2.639e-02,-2.564e-02,-2.426e-02,-2.346e-02,-2.210e-02,-2.128e-02,-1.995e-02,-1.914e-02,-1.778e-02,-1.695e-02,-1.553e-02,-1.467e-02,-1.317e-02,-1.225e-02,-1.063e-02,-9.560e-03,-7.689e-03,-6.247e-03,-3.884e-03,-1.841e-03,1.219e-03,3.940e-03,7.672e-03,1.087e-02,1.496e-02,1.823e-02,2.219e-02,2.508e-02,2.852e-02,3.074e-02,3.342e-02,3.486e-02,3.675e-02,3.740e-02,3.852e-02,3.842e-02,3.877e-02,3.784e-02,3.738e-02,3.554e-02,3.423e-02,3.143e-02,2.935e-02,2.576e-02,2.324e-02,1.942e-02,1.709e-02,1.390e-02,1.247e-02,1.070e-02,1.062e-02,1.056e-02,1.182e-02,1.322e-02,1.546e-02,1.777e-02,2.050e-02,2.316e-02,2.595e-02,2.853e-02,3.107e-02,3.332e-02,3.546e-02,3.727e-02,3.899e-02,4.042e-02,4.186e-02,4.307e-02,4.443e-02,4.569e-02,4.725e-02,4.882e-02,5.081e-02,5.289e-02,5.544e-02,5.807e-02,6.113e-02,6.420e-02,6.761e-02,7.091e-02,7.444e-02,7.773e-02,8.114e-02,8.424e-02,8.737e-02,9.014e-02,9.290e-02,9.531e-02,9.768e-02,9.972e-02,1.017e-01,1.035e-01,1.052e-01,1.066e-01,1.081e-01,1.093e-01,1.105e-01,1.115e-01,1.125e-01,1.133e-01,1.141e-01,1.146e-01,1.152e-01,1.155e-01,1.158e-01,1.158e-01,1.159e-01,1.157e-01,1.156e-01,1.152e-01,1.149e-01,1.144e-01,1.141e-01,1.137e-01,1.134e-01,1.130e-01,1.128e-01,1.123e-01,1.121e-01,1.115e-01,1.112e-01,1.106e-01,1.101e-01,1.093e-01,1.087e-01,1.078e-01,1.071e-01,1.061e-01,1.054e-01,1.046e-01,1.043e-01,1.041e-01,1.043e-01,1.047e-01,1.055e-01,1.062e-01,1.074e-01,1.082e-01,1.094e-01,1.102e-01,1.112e-01,1.119e-01,1.127e-01,1.132e-01,1.139e-01,1.142e-01,1.149e-01
1.167e-01,1.173e-01,1.172e-01,1.174e-01,1.171e-01,1.164e-01,1.148e-01,1.135e-01,1.102e-01,1.060e-01,1.017e-01,9.593e-02,8.434e-02,7.509e-02,6.778e-02,3.207e-02,nan,nan,nan,nan,nan,nan,nan,nan,nan,-2.232e-03,-5.537e-03,-1.508e-03,-8.574e-04,1.059e-03,8.246e-04,2.287e-03,8.078e-04,5.402e-04,-1.367e-03,-2.222e-03,-4.674e-03,-5.941e-03,-8.232e-03,-9.377e-03,-1.144e-02,-1.219e-02,-1.368e-02,-1.391e-02,-1.487e-02,-1.457e-02,-1.506e-02,-1.440e-02,-1.462e-02,-1.380e-02,-1.395e-02,-1.316e-02,-1.337e-02,-1.270e-02,-1.297e-02,-1.240e-02,-1.263e-02,-1.208e-02,-1.216e-02,-1.152e-02,-1.138e-02,-1.055e-02,-1.010e-02,-8.953e-03,-8.133e-03,-6.569e-03,-5.309e-03,-3.243e-03,-1.454e-03,1.224e-03,3.667e-03,7.080e-03,1.026e-02,1.442e-02,1.823e-02,2.293e-02,2.705e-02,3.185e-02,3.579e-02,4.020e-02,4.355e-02,4.722e-02,4.973e-02,5.251e-02,5.414e-02,5.605e-02,5.685e-02,5.796e-02,5.799e-02,5.833e-02,5.756e-02,5.711e-02,5.547e-02,5.418e-02,5.159e-02,4.943e-02,4.589e-02,4.303e-02,3.876e-02,3.561e-02,3.123e-02,2.843e-02,2.478e-02,2.297e-02,2.072e-02,2.020e-02,1.953e-02,2.019e-02,2.079e-02,2.227e-02,2.367e-02,2.554e-02,2.729e-02,2.925e-02,3.104e-02,3.292e-02,3.462e-02,3.640e-02,3.803e-02,3.980e-02,4.150e-02,4.344e-02,4.538e-02,4.768e-02,5.006e-02,5.285e-02,5.574e-02,5.905e-02,6.242e-02,6.613e-02,6.981e-02,7.371e-02,7.746e-02,8.132e-02,8.492e-02,8.852e-02,9.179e-02,9.500e-02,9.785e-02,1.006e-01,1.030e-01,1.053e-01,1.073e-01,1.092e-01,1.108e-01,1.124e-01,1.137e-01,1.150e-01,1.161e-01,1.172e-01,1.180e-01,1.189e-01,1.194e-01,1.201e-01,1.205e-01,1.209e-01,1.210e-01,1.211e-01,1.210e-01,1.209e-01,1.205e-01,1.202e-01,1.196e-01,1.192e-01,1.185e-01,1.181e-01,1.174e-01,1.170e-01,1.164e-01,1.160e-01,1.154e-01,1.150e-01,1.143e-01,1.139e-01,1.131e-01,1.125e-01,1.116e-01,1.110e-01,1.099e-01,1.091e-01,1.081e-01,1.074e-01,1.065e-01,1.062e-01,1.058e-01,1.061e-01,1.064e-01,1.072e-01,1.079e-01,1.090e-01,1.098e-01,1.110e-01,1.117e-01,1.128e-01,1.134e-01,1.142e-01,1.147e-01,1.154e-01,1.158e-01,1.164e-01
1.187e-01,1.195e-01,1.196e-01,1.197e-01,1.195e-01,1.195e-01,1.178e-01,1.165e-01,1.152e-01,1.120e-01,1.066e-01,1.052e-01,1.022e-01,9.164e-02,8.858e-02,9.257e-02,4.426e-02,nan,nan,nan,nan,nan,nan,nan,-3.640e-03,-3.355e-03,-7.134e-04,3.744e-03,5.392e-03,1.007e-02,1.181e-02,1.419e-02,1.360e-02,1.476e-02,1.359e-02,1.363e-02,1.186e-02,1.156e-02,9.823e-03,9.502e-03,8.035e-03,8.050e-03,7.037e-03,7.447e-03,6.850e-03,7.607e-03,7.269e-03,8.133e-03,7.782e-03,8.516e-03,7.906e-03,8.287e-03,7.272e-03,7.237e-03,5.865e-03,5.535e-03,4.068e-03,3.711e-03,2.491e-03,2.377e-03,1.668e-03,1.988e-03,1.939e-03,2.844e-03,3.548e-03,5.176e-03,6.696e-03,9.146e-03,1.152e-02,1.485e-02,1.809e-02,2.229e-02,2.632e-02,3.124e-02,3.581e-02,4.108e-02,4.577e-02,5.092e-02,5.523e-02,5.981e-02,6.336e-02,6.706e-02,6.968e-02,7.242e-02,7.410e-02,7.593e-02,7.675e-02,7.775e-02,7.778e-02,7.803e-02,7.728e-02,7.677e-02,7.522e-02,7.395e-02,7.155e-02,6.948e-02,6.620e-02,6.336e-02,5.924e-02,5.583e-02,5.115e-02,4.761e-02,4.295e-02,3.990e-02,3.603e-02,3.400e-02,3.144e-02,3.060e-02,2.942e-02,2.962e-02,2.959e-02,3.050e-02,3.124e-02,3.260e-02,3.381e-02,3.544e-02,3.695e-02,3.878e-02,4.056e-02,4.265e-02,4.475e-02,4.719e-02,4.970e-02,5.259e-02,5.556e-02,5.894e-02,6.239e-02,6.619e-02,7.000e-02,7.407e-02,7.805e-02,8.217e-02,8.609e-02,9.004e-02,9.368e-02,9.728e-02,1.005e-01,1.036e-01,1.064e-01,1.090e-01,1.113e-01,1.135e-01,1.153e-01,1.170e-01,1.184e-01,1.199e-01,1.210e-01,1.221e-01,1.230e-01,1.239e-01,1.246e-01,1.253e-01,1.257e-01,1.263e-01,1.265e-01,1.268e-01,1.267e-01,1.268e-01,1.265e-01,1.263e-01,1.258e-01,1.254e-01,1.247e-01,1.241e-01,1.233e-01,1.227e-01,1.218e-01,1.213e-01,1.205e-01,1.200e-01,1.192e-01,1.187e-01,1.179e-01,1.173e-01,1.164e-01,1.157e-01,1.147e-01,1.140e-01,1.128e-01,1.120e-01,1.108e-01,1.100e-01,1.091e-01,1.087e-01,1.083e-01,1.085e-01,1.087e-01,1.095e-01,1.101e-01,1.112e-01,1.120e-01,1.131e-01,1.139e-01,1.149e-01,1.154e-01,1.163e-01,1.167e-01,1.175e-01,1.179e-01,1.186e-01
1.213e-01,1.220e-01,1.223e-01,1.228e-01,1.224e-01,1.226e-01,1.221e-01,1.208e-01,1.193e-01,1.188e-01,1.156e-01,1.122e-01,1.126e-01,1.126e-01,1.174e-01,1.252e-01,1.174e-01,8.586e-02,4.380e-02,1.766e-02,nan,4.832e-03,6.440e-03,4.059e-03,2.943e-03,9.211e-03,1.206e-02,1.733e-02,2.052e-02,2.543e-02,2.679e-02,2.989e-02,3.060e-02,3.279e-02,3.203e-02,3.305e-02,3.211e-02,3.286e-02,3.174e-02,3.240e-02,3.164e-02,3.255e-02,3.213e-02,3.331e-02,3.321e-02,3.449e-02,3.440e-02,3.551e-02,3.515e-02,3.579e-02,3.485e-02,3.484e-02,3.319e-02,3.247e-02,3.016e-02,2.892e-02,2.626e-02,2.489e-02,2.240e-02,2.139e-02,1.960e-02,1.932e-02,1.857e-02,1.922e-02,1.963e-02,2.131e-02,2.292e-02,2.567e-02,2.843e-02,3.223e-02,3.601e-02,4.072e-02,4.530e-02,5.064e-02,5.564e-02,6.117e-02,6.612e-02,7.136e-02,7.579e-02,8.033e-02,8.390e-02,8.751e-02,9.010e-02,9.273e-02,9.435e-02,9.605e-02,9.678e-02,9.763e-02,9.752e-02,9.759e-02,9.670e-02,9.604e-02,9.441e-02,9.307e-02,9.073e-02,8.874e-02,8.568e-02,8.305e-02,7.927e-02,7.603e-02,7.159e-02,6.794e-02,6.313e-02,5.950e-02,5.487e-02,5.183e-02,4.799e-02,4.594e-02,4.329e-02,4.235e-02,4.094e-02,4.096e-02,4.063e-02,4.140e-02,4.192e-02,4.327e-02,4.446e-02,4.630e-02,4.806e-02,5.037e-02,5.265e-02,5.543e-02,5.822e-02,6.147e-02,6.473e-02,6.841e-02,7.207e-02,7.608e-02,8.000e-02,8.416e-02,8.812e-02,9.223e-02,9.603e-02,9.987e-02,1.033e-01,1.068e-01,1.097e-01,1.127e-01,1.152e-01,1.176e-01,1.196e-01,1.216e-01,1.231e-01,1.247e-01,1.258e-01,1.271e-01,1.280e-01,1.290e-01,1.296e-01,1.304e-01,1.308e-01,1.314e-01,1.317e-01,1.321e-01,1.322e-01,1.325e-01,1.323e-01,1.323e-01,1.319e-01,1.317e-01,1.310e-01,1.306e-01,1.298e-01,1.292e-01,1.282e-01,1.275e-01,1.265e-01,1.259e-01,1.249e-01,1.244e-01,1.234e-01,1.228e-01,1.219e-01,1.212e-01,1.202e-01,1.194e-01,1.183e-01,1.174e-01,1.162e-01,1.153e-01,1.140e-01,1.132e-01,1.122e-01,1.117e-01,1.112e-01,1.114e-01,1.115e-01,1.122e-01,1.128e-01,1.139e-01,1.146e-01,1.157e-01,1.163e-01,1.174e-01,1.179e-01,1.188e-01,1.192e-01,1.199e-01,1.203e-01,1.211e-01
1.242e-01,1.249e-01,1.251e-01,1.261e-01,1.260e-01,1.259e-01,1.260e-01,1.262e-01,1.242e-01,1.241e-01,1.248e-01,1.228e-01,1.226e-01,1.258e-01,1.314e-01,1.492e-01,1.656e-01,1.608e-01,1.311e-01,1.041e-01,8.152e-02,5.743e-02,4.289e-02,4.365e-02,4.429e-02,4.525e-02,4.579e-02,4.860e-02,4.863e-02,5.018e-02,5.024e-02,5.275e-02,5.292e-02,5.478e-02,5.459e-02,5.642e-02,5.598e-02,5.740e-02,5.706e-02,5.868e-02,5.861e-02,6.035e-02,6.061e-02,6.250e-02,6.288e-02,6.463e-02,6.481e-02,6.608e-02,6.570e-02,6.620e-02,6.500e-02,6.458e-02,6.247e-02,6.116e-02,5.822e-02,5.622e-02,5.272e-02,5.041e-02,4.686e-02,4.486e-02,4.196e-02,4.088e-02,3.923e-02,3.945e-02,3.935e-02,4.096e-02,4.242e-02,4.536e-02,4.822e-02,5.233e-02,5.634e-02,6.134e-02,6.614e-02,7.167e-02,7.678e-02,8.237e-02,8.731e-02,9.249e-02,9.682e-02,1.012e-01,1.047e-01,1.082e-01,1.106e-01,1.131e-01,1.146e-01,1.162e-01,1.167e-01,1.174e-01,1.170e-01,1.168e-01,1.156e-01,1.147e-01,1.128e-01,1.113e-01,1.088e-01,1.068e-01,1.038e-01,1.014e-01,9.795e-02,9.504e-02,9.107e-02,8.772e-02,8.330e-02,7.971e-02,7.510e-02,7.168e-02,6.737e-02,6.459e-02,6.107e-02,5.926e-02,5.684e-02,5.608e-02,5.482e-02,5.503e-02,5.483e-02,5.588e-02,5.661e-02,5.837e-02,5.989e-02,6.226e-02,6.445e-02,6.736e-02,7.011e-02,7.348e-02,7.668e-02,8.041e-02,8.395e-02,8.791e-02,9.161e-02,9.563e-02,9.931e-02,1.032e-01,1.067e-01,1.102e-01,1.133e-01,1.164e-01,1.190e-01,1.217e-01,1.238e-01,1.260e-01,1.276e-01,1.293e-01,1.305e-01,1.319e-01,1.327e-01,1.338e-01,1.344e-01,1.352e-01,1.356e-01,1.362e-01,1.365e-01,1.370e-01,1.371e-01,1.375e-01,1.374e-01,1.376e-01,1.373e-01,1.374e-01,1.369e-01,1.367e-01,1.360e-01,1.355e-01,1.346e-01,1.340e-01,1.330e-01,1.323e-01,1.312e-01,1.305e-01,1.294e-01,1.288e-01,1.277e-01,1.271e-01,1.260e-01,1.253e-01,1.241e-01,1.233e-01,1.221e-01,1.212e-01,1.198e-01,1.189e-01,1.175e-01,1.166e-01,1.155e-01,1.150e-01,1.144e-01,1.145e-01,1.145e-01,1.153e-01,1.157e-01,1.167e-01,1.174e-01,1.185e-01,1.191e-01,1.201e-01,1.206e-01,1.214e-01,1.218e-01,1.226e-01,1.229e-01,1.238e-01
1.270e-01,1.280e-01,1.282e-01,1.291e-01,1.297e-01,1.300e-01,1.297e-01,1.308e-01,1.306e-01,1.297e-01,1.310e-01,1.322e-01,1.333e-01,1.395e-01,1.413e-01,1.496e-01,1.718e-01,1.886e-01,1.921e-01,1.834e-01,1.661e-01,1.497e-01,1.337e-01,1.209e-01,1.101e-01,1.046e-01,1.005e-01,9.646e-02,9.090e-02,8.799e-02,8.510e-02,8.444e-02,8.270e-02,8.321e-02,8.257e-02,8.390e-02,8.369e-02,8.546e-02,8.570e-02,8.776e-02,8.830e-02,9.062e-02,9.146e-02,9.376e-02,9.450e-02,9.643e-02,9.673e-02,9.791e-02,9.738e-02,9.755e-02,9.604e-02,9.516e-02,9.268e-02,9.088e-02,8.757e-02,8.507e-02,8.118e-02,7.830e-02,7.420e-02,7.144e-02,6.776e-02,6.584e-02,6.334e-02,6.288e-02,6.210e-02,6.336e-02,6.442e-02,6.731e-02,7.000e-02,7.420e-02,7.814e-02,8.325e-02,8.797e-02,9.352e-02,9.850e-02,1.040e-01,1.088e-01,1.138e-01,1.179e-01,1.222e-01,1.254e-01,1.287e-01,1.310e-01,1.334e-01,1.347e-01,1.360e-01,1.363e-01,1.366e-01,1.359e-01,1.353e-01,1.337e-01,1.324e-01,1.301e-01,1.283e-01,1.256e-01,1.234e-01,1.204e-01,1.181e-01,1.149e-01,1.123e-01,1.088e-01,1.059e-01,1.020e-01,9.888e-02,9.477e-02,9.154e-02,8.743e-02,8.449e-02,8.079e-02,7.853e-02,7.562e-02,7.431e-02,7.244e-02,7.215e-02,7.137e-02,7.206e-02,7.231e-02,7.385e-02,7.499e-02,7.724e-02,7.912e-02,8.193e-02,8.438e-02,8.762e-02,9.049e-02,9.402e-02,9.716e-02,1.009e-01,1.041e-01,1.078e-01,1.110e-01,1.145e-01,1.174e-01,1.206e-01,1.232e-01,1.259e-01,1.280e-01,1.303e-01,1.320e-01,1.338e-01,1.351e-01,1.365e-01,1.374e-01,1.385e-01,1.390e-01,1.398e-01,1.401e-01,1.407e-01,1.409e-01,1.414e-01,1.414e-01,1.418e-01,1.417e-01,1.421e-01,1.419e-01,1.421e-01,1.417e-01,1.418e-01,1.413e-01,1.411e-01,1.403e-01,1.400e-01,1.390e-01,1.384e-01,1.373e-01,1.366e-01,1.355e-01,1.348e-01,1.336e-01,1.329e-01,1.318e-01,1.311e-01,1.300e-01,1.292e-01,1.280e-01,1.272e-01,1.258e-01,1.249e-01,1.235e-01,1.225e-01,1.210e-01,1.201e-01,1.189e-01,1.183e-01,1.177e-01,1.177e-01,1.177e-01,1.183e-01,1.187e-01,1.197e-01,1.202e-01,1.213e-01,1.218e-01,1.228e-01,1.233e-01,1.241e-01,1.245e-01,1.254e-01,1.257e-01,1.265e-01
1.298e-01,1.309e-01,1.316e-01,1.323e-01,1.329e-01,1.342e-01,1.340e-01,1.346e-01,1.362e-01,1.365e-01,1.369e-01,1.400e-01,1.412e-01,1.473e-01,1.557e-01,1.606e-01,1.680e-01,1.787e-01,1.906e-01,2.045e-01,2.100e-01,2.034e-01,1.907e-01,1.801e-01,1.708e-01,1.629e-01,1.534e-01,1.452e-01,1.382e-01,1.330e-01,1.272e-01,1.230e-01,1.193e-01,1.179e-01,1.161e-01,1.161e-01,1.156e-01,1.169e-01,1.172e-01,1.192e-01,1.201e-01,1.225e-01,1.235e-01,1.258e-01,1.266e-01,1.282e-01,1.283e-01,1.290e-01,1.280e-01,1.276e-01,1.257e-01,1.242e-01,1.214e-01,1.191e-01,1.156e-01,1.128e-01,1.089e-01,1.059e-01,1.018e-01,9.883e-02,9.501e-02,9.261e-02,8.967e-02,8.856e-02,8.720e-02,8.788e-02,8.842e-02,9.093e-02,9.323e-02,9.722e-02,1.009e-01,1.058e-01,1.103e-01,1.157e-01,1.204e-01,1.257e-01,1.301e-01,1.349e-01,1.388e-01,1.428e-01,1.458e-01,1.490e-01,1.510e-01,1.532e-01,1.542e-01,1.552e-01,1.551e-01,1.551e-01,1.539e-01,1.528e-01,1.507e-01,1.489e-01,1.461e-01,1.439e-01,1.408e-01,1.384e-01,1.353e-01,1.329e-01,1.298e-01,1.274e-01,1.243e-01,1.219e-01,1.186e-01,1.160e-01,1.126e-01,1.099e-01,1.064e-01,1.037e-01,1.004e-01,9.812e-02,9.525e-02,9.372e-02,9.165e-02,9.103e-02,8.991e-02,9.025e-02,9.010e-02,9.133e-02,9.206e-02,9.402e-02,9.547e-02,9.797e-02,9.996e-02,1.029e-01,1.052e-01,1.083e-01,1.109e-01,1.142e-01,1.168e-01,1.200e-01,1.226e-01,1.256e-01,1.279e-01,1.306e-01,1.326e-01,1.349e-01,1.365e-01,1.384e-01,1.395e-01,1.410e-01,1.418e-01,1.430e-01,1.434e-01,1.443e-01,1.445e-01,1.451e-01,1.451e-01,1.455e-01,1.454e-01,1.458e-01,1.456e-01,1.459e-01,1.457e-01,1.459e-01,1.457e-01,1.458e-01,1.454e-01,1.455e-01,1.449e-01,1.448e-01,1.441e-01,1.437e-01,1.428e-01,1.422e-01,1.411e-01,1.405e-01,1.393e-01,1.386e-01,1.374e-01,1.367e-01,1.355e-01,1.348e-01,1.336e-01,1.329e-01,1.316e-01,1.307e-01,1.294e-01,1.284e-01,1.269e-01,1.259e-01,1.244e-01,1.234e-01,1.221e-01,1.216e-01,1.208e-01,1.208e-01,1.207e-01,1.212e-01,1.216e-01,1.225e-01,1.230e-01,1.240e-01,1.245e-01,1.254e-01,1.259e-01,1.268e-01,1.271e-01,1.280e-01,1.285e-01,1.294e-01
1.326e-01,1.336e-01,1.345e-01,1.357e-01,1.360e-01,1.375e-01,1.386e-01,1.390e-01,1.403e-01,1.424e-01,1.430e-01,1.466e-01,1.493e-01,1.514e-01,1.596e-01,1.687e-01,1.756e-01,1.844e-01,1.891e-01,1.953e-01,2.025e-01,2.075e-01,2.093e-01,2.068e-01,2.003e-01,1.937e-01,1.873e-01,1.822e-01,1.760e-01,1.700e-01,1.643e-01,1.606e-01,1.567e-01,1.539e-01,1.512e-01,1.503e-01,1.494e-01,1.499e-01,1.500e-01,1.514e-01,1.522e-01,1.541e-01,1.550e-01,1.566e-01,1.570e-01,1.579e-01,1.573e-01,1.572e-01,1.556e-01,1.543e-01,1.518e-01,1.497e-01,1.465e-01,1.439e-01,1.403e-01,1.374e-01,1.336e-01,1.307e-01,1.271e-01,1.243e-01,1.210e-01,1.187e-01,1.160e-01,1.147e-01,1.132e-01,1.135e-01,1.136e-01,1.156e-01,1.175e-01,1.210e-01,1.242e-01,1.288e-01,1.328e-01,1.379e-01,1.421e-01,1.471e-01,1.512e-01,1.557e-01,1.592e-01,1.630e-01,1.657e-01,1.686e-01,1.703e-01,1.721e-01,1.727e-01,1.733e-01,1.727e-01,1.721e-01,1.703e-01,1.686e-01,1.660e-01,1.636e-01,1.604e-01,1.577e-01,1.543e-01,1.515e-01,1.483e-01,1.458e-01,1.428e-01,1.405e-01,1.377e-01,1.356e-01,1.328e-01,1.307e-01,1.280e-01,1.259e-01,1.231e-01,1.210e-01,1.182e-01,1.163e-01,1.139e-01,1.125e-01,1.105e-01,1.098e-01,1.086e-01,1.087e-01,1.084e-01,1.092e-01,1.096e-01,1.112e-01,1.122e-01,1.143e-01,1.157e-01,1.181e-01,1.199e-01,1.225e-01,1.244e-01,1.271e-01,1.291e-01,1.317e-01,1.336e-01,1.360e-01,1.377e-01,1.399e-01,1.412e-01,1.431e-01,1.441e-01,1.456e-01,1.463e-01,1.474e-01,1.478e-01,1.486e-01,1.488e-01,1.493e-01,1.492e-01,1.496e-01,1.493e-01,1.496e-01,1.492e-01,1.494e-01,1.491e-01,1.493e-01,1.489e-01,1.491e-01,1.487e-01,1.489e-01,1.485e-01,1.485e-01,1.480e-01,1.479e-01,1.472e-01,1.469e-01,1.459e-01,1.454e-01,1.443e-01,1.437e-01,1.425e-01,1.418e-01,1.406e-01,1.399e-01,1.387e-01,1.380e-01,1.368e-01,1.361e-01,1.348e-01,1.339e-01,1.325e-01,1.316e-01,1.301e-01,1.290e-01,1.275e-01,1.265e-01,1.252e-01,1.245e-01,1.237e-01,1.237e-01,1.235e-01,1.240e-01,1.242e-01,1.251e-01,1.255e-01,1.265e-01,1.270e-01,1.279e-01,1.283e-01,1.292e-01,1.296e-01,1.304e-01,1.309e-01,1.320e-01
1.352e-01,1.362e-01,1.370e-01,1.387e-01,1.395e-01,1.405e-01,1.421e-01,1.436e-01,1.443e-01,1.471e-01,1.486e-01,1.511e-01,1.561e-01,1.595e-01,1.630e-01,1.696e-01,1.760e-01,1.848e-01,1.914e-01,1.964e-01,2.001e-01,2.036e-01,2.056e-01,2.060e-01,2.056e-01,2.045e-01,2.016e-01,1.983e-01,1.947e-01,1.924e-01,1.897e-01,1.871e-01,1.842e-01,1.826e-01,1.810e-01,1.802e-01,1.793e-01,1.794e-01,1.795e-01,1.805e-01,1.810e-01,1.821e-01,1.825e-01,1.833e-01,1.830e-01,1.829e-01,1.816e-01,1.804e-01,1.781e-01,1.760e-01,1.729e-01,1.702e-01,1.667e-01,1.637e-01,1.601e-01,1.572e-01,1.538e-01,1.512e-01,1.481e-01,1.459e-01,1.433e-01,1.416e-01,1.396e-01,1.388e-01,1.377e-01,1.381e-01,1.383e-01,1.400e-01,1.417e-01,1.447e-01,1.476e-01,1.516e-01,1.552e-01,1.597e-01,1.636e-01,1.681e-01,1.718e-01,1.758e-01,1.789e-01,1.822e-01,1.845e-01,1.869e-01,1.881e-01,1.894e-01,1.894e-01,1.894e-01,1.882e-01,1.870e-01,1.846e-01,1.823e-01,1.791e-01,1.762e-01,1.725e-01,1.694e-01,1.657e-01,1.627e-01,1.593e-01,1.567e-01,1.537e-01,1.515e-01,1.489e-01,1.470e-01,1.447e-01,1.430e-01,1.408e-01,1.392e-01,1.371e-01,1.355e-01,1.335e-01,1.321e-01,1.302e-01,1.291e-01,1.276e-01,1.270e-01,1.259e-01,1.259e-01,1.255e-01,1.262e-01,1.263e-01,1.275e-01,1.281e-01,1.297e-01,1.307e-01,1.325e-01,1.337e-01,1.357e-01,1.370e-01,1.390e-01,1.404e-01,1.423e-01,1.436e-01,1.454e-01,1.465e-01,1.481e-01,1.489e-01,1.502e-01,1.508e-01,1.518e-01,1.521e-01,1.529e-01,1.529e-01,1.535e-01,1.533e-01,1.536e-01,1.532e-01,1.534e-01,1.529e-01,1.529e-01,1.524e-01,1.524e-01,1.519e-01,1.520e-01,1.515e-01,1.517e-01,1.512e-01,1.514e-01,1.509e-01,1.510e-01,1.504e-01,1.504e-01,1.496e-01,1.494e-01,1.485e-01,1.480e-01,1.469e-01,1.463e-01,1.451e-01,1.445e-01,1.433e-01,1.426e-01,1.414e-01,1.407e-01,1.395e-01,1.388e-01,1.375e-01,1.367e-01,1.353e-01,1.343e-01,1.328e-01,1.318e-01,1.302e-01,1.292e-01,1.279e-01,1.272e-01,1.263e-01,1.262e-01,1.260e-01,1.264e-01,1.266e-01,1.273e-01,1.278e-01,1.286e-01,1.291e-01,1.300e-01,1.304e-01,1.313e-01,1.318e-01,1.327e-01,1.332e-01,1.343e-01
1.372e-01,1.387e-01,1.395e-01,1.409e-01,1.425e-01,1.437e-01,1.449e-01,1.473e-01,1.484e-01,1.508e-01,1.537e-01,1.554e-01,1.591e-01,1.647e-01,1.685e-01,1.739e-01,1.789e-01,1.840e-01,1.901e-01,1.955e-01,1.987e-01,2.013e-01,2.029e-01,2.044e-01,2.049e-01,2.044e-01,2.036e-01,2.033e-01,2.027e-01,2.019e-01,2.007e-01,2.003e-01,2.001e-01,2.001e-01,1.997e-01,1.998e-01,1.999e-01,2.006e-01,2.009e-01,2.016e-01,2.020e-01,2.028e-01,2.028e-01,2.029e-01,2.020e-01,2.010e-01,1.991e-01,1.971e-01,1.943e-01,1.915e-01,1.881e-01,1.850e-01,1.814e-01,1.783e-01,1.749e-01,1.721e-01,1.690e-01,1.667e-01,1.642e-01,1.625e-01,1.607e-01,1.597e-01,1.587e-01,1.586e-01,1.584e-01,1.593e-01,1.601e-01,1.620e-01,1.638e-01,1.667e-01,1.694e-01,1.731e-01,1.763e-01,1.804e-01,1.838e-01,1.877e-01,1.909e-01,1.944e-01,1.969e-01,1.996e-01,2.013e-01,2.030e-01,2.037e-01,2.042e-01,2.036e-01,2.029e-01,2.011e-01,1.992e-01,1.962e-01,1.934e-01,1.897e-01,1.863e-01,1.823e-01,1.789e-01,1.750e-01,1.718e-01,1.683e-01,1.656e-01,1.627e-01,1.605e-01,1.580e-01,1.563e-01,1.543e-01,1.529e-01,1.512e-01,1.500e-01,1.484e-01,1.474e-01,1.459e-01,1.450e-01,1.437e-01,1.430e-01,1.419e-01,1.415e-01,1.407e-01,1.408e-01,1.404e-01,1.409e-01,1.410e-01,1.418e-01,1.422e-01,1.433e-01,1.439e-01,1.452e-01,1.459e-01,1.473e-01,1.480e-01,1.494e-01,1.502e-01,1.515e-01,1.522e-01,1.535e-01,1.540e-01,1.551e-01,1.554e-01,1.563e-01,1.564e-01,1.571e-01,1.570e-01,1.575e-01,1.572e-01,1.575e-01,1.570e-01,1.571e-01,1.565e-01,1.565e-01,1.558e-01,1.557e-01,1.549e-01,1.548e-01,1.542e-01,1.542e-01,1.536e-01,1.537e-01,1.532e-01,1.533e-01,1.528e-01,1.529e-01,1.523e-01,1.523e-01,1.516e-01,1.514e-01,1.505e-01,1.501e-01,1.491e-01,1.485e-01,1.473e-01,1.466e-01,1.454e-01,1.448e-01,1.436e-01,1.429e-01,1.418e-01,1.410e-01,1.398e-01,1.390e-01,1.376e-01,1.367e-01,1.352e-01,1.341e-01,1.326e-01,1.315e-01,1.302e-01,1.295e-01,1.286e-01,1.284e-01,1.281e-01,1.285e-01,1.286e-01,1.293e-01,1.297e-01,1.305e-01,1.309e-01,1.318e-01,1.323e-01,1.331e-01,1.336e-01,1.346e-01,1.353e-01,1.363e-01
1.390e-01,1.406e-01,1.418e-01,1.431e-01,1.447e-01,1.466e-01,1.477e-01,1.501e-01,1.521e-01,1.540e-01,1.573e-01,1.604e-01,1.627e-01,1.670e-01,1.712e-01,1.762e-01,1.810e-01,1.853e-01,1.897e-01,1.942e-01,1.980e-01,2.009e-01,2.022e-01,2.034e-01,2.036e-01,2.041e-01,2.044e-01,2.045e-01,2.043e-01,2.046e-01,2.051e-01,2.059e-01,2.063e-01,2.072e-01,2.081e-01,2.094e-01,2.103e-01,2.114e-01,2.121e-01,2.132e-01,2.138e-01,2.144e-01,2.143e-01,2.140e-01,2.130e-01,2.117e-01,2.095e-01,2.072e-01,2.042e-01,2.013e-01,1.978e-01,1.946e-01,1.911e-01,1.881e-01,1.849e-01,1.823e-01,1.796e-01,1.776e-01,1.756e-01,1.744e-01,1.732e-01,1.729e-01,1.726e-01,1.732e-01,1.738e-01,1.754e-01,1.770e-01,1.794e-01,1.818e-01,1.848e-01,1.877e-01,1.912e-01,1.944e-01,1.980e-01,2.011e-01,2.045e-01,2.072e-01,2.100e-01,2.120e-01,2.140e-01,2.150e-01,2.160e-01,2.160e-01,2.158e-01,2.146e-01,2.132e-01,2.108e-01,2.083e-01,2.050e-01,2.016e-01,1.977e-01,1.940e-01,1.898e-01,1.861e-01,1.822e-01,1.789e-01,1.755e-01,1.727e-01,1.699e-01,1.677e-01,1.654e-01,1.638e-01,1.620e-01,1.608e-01,1.594e-01,1.584e-01,1.573e-01,1.566e-01,1.556e-01,1.551e-01,1.543e-01,1.539e-01,1.532e-01,1.531e-01,1.526e-01,1.527e-01,1.525e-01,1.529e-01,1.529e-01,1.536e-01,1.537e-01,1.545e-01,1.548e-01,1.556e-01,1.559e-01,1.568e-01,1.571e-01,1.579e-01,1.582e-01,1.590e-01,1.593e-01,1.600e-01,1.601e-01,1.607e-01,1.607e-01,1.611e-01,1.609e-01,1.613e-01,1.609e-01,1.611e-01,1.606e-01,1.607e-01,1.600e-01,1.599e-01,1.591e-01,1.589e-01,1.581e-01,1.578e-01,1.570e-01,1.567e-01,1.560e-01,1.559e-01,1.552e-01,1.552e-01,1.547e-01,1.548e-01,1.543e-01,1.543e-01,1.538e-01,1.538e-01,1.532e-01,1.530e-01,1.522e-01,1.517e-01,1.507e-01,1.501e-01,1.490e-01,1.483e-01,1.471e-01,1.465e-01,1.453e-01,1.447e-01,1.435e-01,1.428e-01,1.416e-01,1.408e-01,1.395e-01,1.386e-01,1.371e-01,1.361e-01,1.346e-01,1.335e-01,1.322e-01,1.314e-01,1.305e-01,1.303e-01,1.300e-01,1.302e-01,1.303e-01,1.309e-01,1.313e-01,1.320e-01,1.325e-01,1.333e-01,1.338e-01,1.347e-01,1.352e-01,1.361e-01,1.370e-01,1.382e-01
1.406e-01,1.420e-01,1.436e-01,1.452e-01,1.465e-01,1.488e-01,1.504e-01,1.524e-01,1.551e-01,1.572e-01,1.595e-01,1.635e-01,1.665e-01,1.700e-01,1.739e-01,1.780e-01,1.822e-01,1.869e-01,1.902e-01,1.933e-01,1.965e-01,1.993e-01,2.015e-01,2.030e-01,2.037e-01,2.044e-01,2.046e-01,2.050e-01,2.054e-01,2.061e-01,2.066e-01,2.074e-01,2.083e-01,2.097e-01,2.109e-01,2.123e-01,2.134e-01,2.149e-01,2.161e-01,2.172e-01,2.179e-01,2.186e-01,2.187e-01,2.185e-01,2.175e-01,2.163e-01,2.143e-01,2.121e-01,2.093e-01,2.065e-01,2.033e-01,2.003e-01,1.970e-01,1.942e-01,1.913e-01,1.889e-01,1.866e-01,1.849e-01,1.833e-01,1.825e-01,1.817e-01,1.817e-01,1.820e-01,1.830e-01,1.843e-01,1.864e-01,1.886e-01,1.915e-01,1.944e-01,1.978e-01,2.010e-01,2.045e-01,2.077e-01,2.111e-01,2.140e-01,2.170e-01,2.193e-01,2.215e-01,2.230e-01,2.243e-01,2.248e-01,2.251e-01,2.245e-01,2.237e-01,2.220e-01,2.201e-01,2.173e-01,2.144e-01,2.109e-01,2.073e-01,2.032e-01,1.993e-01,1.952e-01,1.914e-01,1.876e-01,1.842e-01,1.809e-01,1.782e-01,1.755e-01,1.734e-01,1.713e-01,1.697e-01,1.681e-01,1.669e-01,1.658e-01,1.650e-01,1.642e-01,1.637e-01,1.630e-01,1.627e-01,1.623e-01,1.621e-01,1.618e-01,1.618e-01,1.616e-01,1.618e-01,1.617e-01,1.621e-01,1.621e-01,1.625e-01,1.626e-01,1.631e-01,1.631e-01,1.636e-01,1.636e-01,1.641e-01,1.641e-01,1.645e-01,1.645e-01,1.648e-01,1.647e-01,1.650e-01,1.648e-01,1.650e-01,1.647e-01,1.649e-01,1.644e-01,1.645e-01,1.640e-01,1.639e-01,1.633e-01,1.631e-01,1.624e-01,1.621e-01,1.612e-01,1.608e-01,1.599e-01,1.595e-01,1.585e-01,1.582e-01,1.574e-01,1.572e-01,1.565e-01,1.564e-01,1.559e-01,1.559e-01,1.554e-01,1.555e-01,1.550e-01,1.550e-01,1.544e-01,1.542e-01,1.534e-01,1.530e-01,1.520e-01,1.515e-01,1.503e-01,1.496e-01,1.485e-01,1.478e-01,1.467e-01,1.460e-01,1.449e-01,1.442e-01,1.431e-01,1.423e-01,1.410e-01,1.401e-01,1.387e-01,1.376e-01,1.362e-01,1.351e-01,1.338e-01,1.330e-01,1.321e-01,1.318e-01,1.315e-01,1.317e-01,1.317e-01,1.323e-01,1.326e-01,1.332e-01,1.337e-01,1.345e-01,1.350e-01,1.359e-01,1.365e-01,1.375e-01,1.383e-01,1.397e-01
1.420e-01,1.434e-01,1.449e-01,1.469e-01,1.484e-01,1.504e-01,1.527e-01,1.546e-01,1.571e-01,1.601e-01,1.623e-01,1.654e-01,1.688e-01,1.723e-01,1.759e-01,1.795e-01,1.831e-01,1.872e-01,1.908e-01,1.941e-01,1.965e-01,1.987e-01,2.006e-01,2.022e-01,2.034e-01,2.044e-01,2.049e-01,2.057e-01,2.062e-01,2.068e-01,2.074e-01,2.084e-01,2.093e-01,2.103e-01,2.113e-01,2.126e-01,2.138e-01,2.150e-01,2.160e-01,2.171e-01,2.180e-01,2.187e-01,2.189e-01,2.188e-01,2.182e-01,2.172e-01,2.156e-01,2.137e-01,2.113e-01,2.089e-01,2.060e-01,2.033e-01,2.004e-01,1.979e-01,1.953e-01,1.932e-01,1.912e-01,1.898e-01,1.884e-01,1.878e-01,1.873e-01,1.875e-01,1.880e-01,1.893e-01,1.908e-01,1.932e-01,1.957e-01,1.989e-01,2.021e-01,2.057e-01,2.091e-01,2.127e-01,2.160e-01,2.193e-01,2.220e-01,2.247e-01,2.267e-01,2.285e-01,2.296e-01,2.304e-01,2.305e-01,2.302e-01,2.293e-01,2.281e-01,2.261e-01,2.239e-01,2.210e-01,2.180e-01,2.144e-01,2.107e-01,2.067e-01,2.028e-01,1.988e-01,1.951e-01,1.914e-01,1.882e-01,1.850e-01,1.824e-01,1.799e-01,1.778e-01,1.758e-01,1.743e-01,1.729e-01,1.718e-01,1.708e-01,1.701e-01,1.694e-01,1.690e-01,1.686e-01,1.684e-01,1.681e-01,1.681e-01,1.680e-01,1.681e-01,1.681e-01,1.683e-01,1.684e-01,1.687e-01,1.687e-01,1.690e-01,1.690e-01,1.692e-01,1.692e-01,1.694e-01,1.692e-01,1.693e-01,1.691e-01,1.692e-01,1.690e-01,1.690e-01,1.687e-01,1.687e-01,1.683e-01,1.682e-01,1.677e-01,1.676e-01,1.670e-01,1.669e-01,1.662e-01,1.660e-01,1.652e-01,1.649e-01,1.641e-01,1.637e-01,1.627e-01,1.622e-01,1.612e-01,1.607e-01,1.597e-01,1.593e-01,1.585e-01,1.582e-01,1.575e-01,1.573e-01,1.568e-01,1.568e-01,1.563e-01,1.564e-01,1.559e-01,1.559e-01,1.554e-01,1.552e-01,1.545e-01,1.541e-01,1.531e-01,1.525e-01,1.514e-01,1.507e-01,1.495e-01,1.488e-01,1.477e-01,1.470e-01,1.459e-01,1.453e-01,1.442e-01,1.434e-01,1.422e-01,1.413e-01,1.400e-01,1.389e-01,1.375e-01,1.364e-01,1.351e-01,1.343e-01,1.334e-01,1.331e-01,1.327e-01,1.329e-01,1.329e-01,1.333e-01,1.336e-01,1.342e-01,1.346e-01,1.354e-01,1.360e-01,1.368e-01,1.375e-01,1.386e-01,1.394e-01,1.407e-01
1.430e-01,1.446e-01,1.460e-01,1.481e-01,1.500e-01,1.519e-01,1.543e-01,1.567e-01,1.588e-01,1.619e-01,1.647e-01,1.675e-01,1.707e-01,1.741e-01,1.774e-01,1.811e-01,1.844e-01,1.874e-01,1.906e-01,1.938e-01,1.963e-01,1.987e-01,2.004e-01,2.019e-01,2.032e-01,2.043e-01,2.052e-01,2.061e-01,2.067e-01,2.075e-01,2.082e-01,2.090e-01,2.096e-01,2.105e-01,2.114e-01,2.123e-01,2.131e-01,2.140e-01,2.149e-01,2.159e-01,2.166e-01,2.172e-01,2.175e-01,2.177e-01,2.173e-01,2.166e-01,2.153e-01,2.139e-01,2.119e-01,2.098e-01,2.074e-01,2.050e-01,2.025e-01,2.003e-01,1.980e-01,1.961e-01,1.943e-01,1.931e-01,1.919e-01,1.914e-01,1.910e-01,1.913e-01,1.919e-01,1.932e-01,1.948e-01,1.971e-01,1.997e-01,2.029e-01,2.061e-01,2.097e-01,2.131e-01,2.167e-01,2.199e-01,2.231e-01,2.258e-01,2.282e-01,2.301e-01,2.316e-01,2.324e-01,2.329e-01,2.327e-01,2.322e-01,2.311e-01,2.297e-01,2.277e-01,2.254e-01,2.226e-01,2.195e-01,2.161e-01,2.125e-01,2.087e-01,2.050e-01,2.012e-01,1.976e-01,1.942e-01,1.911e-01,1.881e-01,1.856e-01,1.832e-01,1.813e-01,1.795e-01,1.780e-01,1.767e-01,1.756e-01,1.747e-01,1.740e-01,1.734e-01,1.730e-01,1.727e-01,1.725e-01,1.724e-01,1.724e-01,1.724e-01,1.725e-01,1.726e-01,1.728e-01,1.729e-01,1.731e-01,1.732e-01,1.733e-01,1.733e-01,1.733e-01,1.732e-01,1.732e-01,1.729e-01,1.728e-01,1.725e-01,1.724e-01,1.720e-01,1.719e-01,1.714e-01,1.712e-01,1.706e-01,1.704e-01,1.698e-01,1.695e-01,1.688e-01,1.685e-01,1.678e-01,1.674e-01,1.666e-01,1.662e-01,1.653e-01,1.648e-01,1.638e-01,1.632e-01,1.622e-01,1.616e-01,1.606e-01,1.601e-01,1.593e-01,1.589e-01,1.582e-01,1.580e-01,1.575e-01,1.575e-01,1.571e-01,1.571e-01,1.567e-01,1.567e-01,1.562e-01,1.560e-01,1.553e-01,1.549e-01,1.539e-01,1.533e-01,1.522e-01,1.515e-01,1.503e-01,1.496e-01,1.485e-01,1.478e-01,1.468e-01,1.461e-01,1.450e-01,1.443e-01,1.431e-01,1.422e-01,1.410e-01,1.399e-01,1.386e-01,1.375e-01,1.362e-01,1.354e-01,1.345e-01,1.341e-01,1.337e-01,1.338e-01,1.338e-01,1.341e-01,1.344e-01,1.350e-01,1.354e-01,1.361e-01,1.367e-01,1.375e-01,1.382e-01,1.394e-01,1.403e-01,1.415e-01
1.436e-01,1.455e-01,1.471e-01,1.490e-01,1.512e-01,1.533e-01,1.555e-01,1.583e-01,1.606e-01,1.632e-01,1.662e-01,1.692e-01,1.722e-01,1.754e-01,1.785e-01,1.819e-01,1.852e-01,1.883e-01,1.911e-01,1.936e-01,1.961e-01,1.984e-01,2.002e-01,2.018e-01,2.031e-01,2.043e-01,2.054e-01,2.062e-01,2.071e-01,2.079e-01,2.086e-01,2.093e-01,2.099e-01,2.107e-01,2.112e-01,2.118e-01,2.124e-01,2.131e-01,2.137e-01,2.144e-01,2.150e-01,2.157e-01,2.160e-01,2.162e-01,2.160e-01,2.156e-01,2.147e-01,2.136e-01,2.119e-01,2.102e-01,2.082e-01,2.062e-01,2.040e-01,2.020e-01,2.000e-01,1.983e-01,1.967e-01,1.955e-01,1.945e-01,1.940e-01,1.936e-01,1.939e-01,1.945e-01,1.956e-01,1.972e-01,1.994e-01,2.019e-01,2.048e-01,2.079e-01,2.113e-01,2.146e-01,2.180e-01,2.211e-01,2.241e-01,2.266e-01,2.289e-01,2.305e-01,2.319e-01,2.326e-01,2.329e-01,2.326e-01,2.320e-01,2.309e-01,2.295e-01,2.276e-01,2.253e-01,2.227e-01,2.198e-01,2.166e-01,2.132e-01,2.097e-01,2.062e-01,2.027e-01,1.993e-01,1.962e-01,1.932e-01,1.905e-01,1.881e-01,1.860e-01,1.841e-01,1.824e-01,1.810e-01,1.797e-01,1.787e-01,1.778e-01,1.771e-01,1.765e-01,1.761e-01,1.757e-01,1.755e-01,1.754e-01,1.754e-01,1.754e-01,1.755e-01,1.755e-01,1.757e-01,1.758e-01,1.759e-01,1.759e-01,1.760e-01,1.759e-01,1.758e-01,1.756e-01,1.754e-01,1.751e-01,1.749e-01,1.746e-01,1.743e-01,1.739e-01,1.736e-01,1.731e-01,1.727e-01,1.721e-01,1.718e-01,1.711e-01,1.707e-01,1.700e-01,1.696e-01,1.688e-01,1.684e-01,1.676e-01,1.671e-01,1.662e-01,1.656e-01,1.646e-01,1.639e-01,1.629e-01,1.623e-01,1.613e-01,1.607e-01,1.599e-01,1.595e-01,1.588e-01,1.586e-01,1.581e-01,1.580e-01,1.577e-01,1.577e-01,1.573e-01,1.573e-01,1.568e-01,1.566e-01,1.560e-01,1.555e-01,1.546e-01,1.540e-01,1.529e-01,1.522e-01,1.510e-01,1.502e-01,1.491e-01,1.484e-01,1.474e-01,1.467e-01,1.457e-01,1.449e-01,1.438e-01,1.430e-01,1.418e-01,1.407e-01,1.394e-01,1.383e-01,1.371e-01,1.362e-01,1.353e-01,1.349e-01,1.345e-01,1.345e-01,1.345e-01,1.348e-01,1.350e-01,1.355e-01,1.360e-01,1.366e-01,1.372e-01,1.381e-01,1.388e-01,1.399e-01,1.410e-01,1.423e-01
1.442e-01,1.460e-01,1.479e-01,1.498e-01,1.520e-01,1.544e-01,1.566e-01,1.593e-01,1.620e-01,1.647e-01,1.674e-01,1.705e-01,1.735e-01,1.766e-01,1.797e-01,1.826e-01,1.855e-01,1.886e-01,1.913e-01,1.938e-01,1.961e-01,1.981e-01,2.000e-01,2.017e-01,2.031e-01,2.043e-01,2.054e-01,2.064e-01,2.073e-01,2.081e-01,2.088e-01,2.095e-01,2.101e-01,2.105e-01,2.110e-01,2.114e-01,2.118e-01,2.122e-01,2.126e-01,2.131e-01,2.137e-01,2.142e-01,2.146e-01,2.149e-01,2.149e-01,2.147e-01,2.140e-01,2.131e-01,2.119e-01,2.105e-01,2.087e-01,2.070e-01,2.051e-01,2.033e-01,2.015e-01,2.000e-01,1.985e-01,1.974e-01,1.965e-01,1.960e-01,1.957e-01,1.958e-01,1.963e-01,1.974e-01,1.988e-01,2.007e-01,2.030e-01,2.058e-01,2.086e-01,2.118e-01,2.148e-01,2.179e-01,2.208e-01,2.235e-01,2.259e-01,2.279e-01,2.295e-01,2.307e-01,2.313e-01,2.315e-01,2.313e-01,2.307e-01,2.296e-01,2.283e-01,2.265e-01,2.244e-01,2.220e-01,2.194e-01,2.165e-01,2.133e-01,2.101e-01,2.069e-01,2.037e-01,2.006e-01,1.977e-01,1.949e-01,1.925e-01,1.902e-01,1.882e-01,1.864e-01,1.849e-01,1.835e-01,1.823e-01,1.812e-01,1.804e-01,1.796e-01,1.790e-01,1.785e-01,1.781e-01,1.778e-01,1.776e-01,1.774e-01,1.774e-01,1.774e-01,1.774e-01,1.775e-01,1.775e-01,1.775e-01,1.775e-01,1.774e-01,1.773e-01,1.771e-01,1.768e-01,1.766e-01,1.762e-01,1.760e-01,1.756e-01,1.753e-01,1.749e-01,1.745e-01,1.740e-01,1.736e-01,1.730e-01,1.725e-01,1.719e-01,1.714e-01,1.707e-01,1.702e-01,1.695e-01,1.689e-01,1.681e-01,1.676e-01,1.667e-01,1.660e-01,1.651e-01,1.644e-01,1.634e-01,1.627e-01,1.618e-01,1.612e-01,1.604e-01,1.599e-01,1.593e-01,1.590e-01,1.586e-01,1.585e-01,1.582e-01,1.581e-01,1.578e-01,1.578e-01,1.573e-01,1.571e-01,1.565e-01,1.561e-01,1.552e-01,1.546e-01,1.535e-01,1.527e-01,1.515e-01,1.507e-01,1.496e-01,1.489e-01,1.478e-01,1.471e-01,1.462e-01,1.454e-01,1.444e-01,1.436e-01,1.424e-01,1.414e-01,1.401e-01,1.390e-01,1.378e-01,1.369e-01,1.360e-01,1.355e-01,1.351e-01,1.351e-01,1.350e-01,1.353e-01,1.355e-01,1.360e-01,1.364e-01,1.370e-01,1.376e-01,1.385e-01,1.393e-01,1.403e-01,1.414e-01,1.429e-01
1.447e-01,1.464e-01,1.484e-01,1.506e-01,1.527e-01,1.552e-01,1.577e-01,1.602e-01,1.629e-01,1.658e-01,1.685e-01,1.715e-01,1.743e-01,1.773e-01,1.804e-01,1.833e-01,1.861e-01,1.887e-01,1.913e-01,1.939e-01,1.960e-01,1.980e-01,1.999e-01,2.014e-01,2.030e-01,2.043e-01,2.055e-01,2.065e-01,2.074e-01,2.082e-01,2.090e-01,2.095e-01,2.100e-01,2.104e-01,2.107e-01,2.109e-01,2.111e-01,2.113e-01,2.116e-01,2.120e-01,2.125e-01,2.130e-01,2.135e-01,2.139e-01,2.140e-01,2.139e-01,2.135e-01,2.128e-01,2.118e-01,2.107e-01,2.092e-01,2.077e-01,2.061e-01,2.045e-01,2.029e-01,2.014e-01,2.001e-01,1.991e-01,1.982e-01,1.976e-01,1.973e-01,1.973e-01,1.977e-01,1.986e-01,1.999e-01,2.016e-01,2.037e-01,2.062e-01,2.088e-01,2.116e-01,2.145e-01,2.173e-01,2.199e-01,2.224e-01,2.245e-01,2.264e-01,2.278e-01,2.288e-01,2.294e-01,2.296e-01,2.294e-01,2.288e-01,2.279e-01,2.266e-01,2.251e-01,2.232e-01,2.211e-01,2.186e-01,2.160e-01,2.132e-01,2.103e-01,2.073e-01,2.044e-01,2.015e-01,1.989e-01,1.964e-01,1.942e-01,1.920e-01,1.902e-01,1.885e-01,1.871e-01,1.857e-01,1.846e-01,1.835e-01,1.826e-01,1.817e-01,1.811e-01,1.804e-01,1.800e-01,1.795e-01,1.793e-01,1.790e-01,1.788e-01,1.787e-01,1.786e-01,1.785e-01,1.785e-01,1.784e-01,1.782e-01,1.780e-01,1.778e-01,1.775e-01,1.772e-01,1.769e-01,1.766e-01,1.762e-01,1.759e-01,1.756e-01,1.752e-01,1.748e-01,1.743e-01,1.739e-01,1.733e-01,1.729e-01,1.722e-01,1.717e-01,1.710e-01,1.705e-01,1.698e-01,1.692e-01,1.684e-01,1.678e-01,1.670e-01,1.663e-01,1.654e-01,1.646e-01,1.637e-01,1.630e-01,1.621e-01,1.615e-01,1.607e-01,1.603e-01,1.597e-01,1.594e-01,1.590e-01,1.589e-01,1.586e-01,1.585e-01,1.583e-01,1.582e-01,1.578e-01,1.576e-01,1.570e-01,1.566e-01,1.557e-01,1.550e-01,1.540e-01,1.531e-01,1.520e-01,1.511e-01,1.500e-01,1.492e-01,1.482e-01,1.475e-01,1.466e-01,1.458e-01,1.448e-01,1.440e-01,1.429e-01,1.419e-01,1.406e-01,1.395e-01,1.383e-01,1.374e-01,1.365e-01,1.360e-01,1.355e-01,1.355e-01,1.354e-01,1.357e-01,1.359e-01,1.363e-01,1.367e-01,1.373e-01,1.379e-01,1.387e-01,1.395e-01,1.406e-01,1.417e-01,1.432e-01
1.450e-01,1.469e-01,1.488e-01,1.511e-01,1.533e-01,1.558e-01,1.584e-01,1.611e-01,1.637e-01,1.666e-01,1.694e-01,1.723e-01,1.752e-01,1.780e-01,1.808e-01,1.837e-01,1.864e-01,1.889e-01,1.914e-01,1.937e-01,1.959e-01,1.979e-01,1.997e-01,2.013e-01,2.029e-01,2.042e-01,2.055e-01,2.065e-01,2.075e-01,2.083e-01,2.090e-01,2.095e-01,2.099e-01,2.102e-01,2.103e-01,2.104e-01,2.105e-01,2.106e-01,2.108e-01,2.110e-01,2.115e-01,2.120e-01,2.125e-01,2.129e-01,2.132e-01,2.133e-01,2.131e-01,2.126e-01,2.118e-01,2.109e-01,2.097e-01,2.083e-01,2.069e-01,2.055e-01,2.040e-01,2.027e-01,2.014e-01,2.004e-01,1.995e-01,1.990e-01,1.986e-01,1.986e-01,1.988e-01,1.996e-01,2.007e-01,2.023e-01,2.041e-01,2.064e-01,2.088e-01,2.113e-01,2.139e-01,2.164e-01,2.188e-01,2.210e-01,2.230e-01,2.246e-01,2.259e-01,2.269e-01,2.275e-01,2.276e-01,2.275e-01,2.270e-01,2.261e-01,2.250e-01,2.236e-01,2.219e-01,2.200e-01,2.178e-01,2.155e-01,2.129e-01,2.103e-01,2.076e-01,2.050e-01,2.024e-01,2.000e-01,1.977e-01,1.957e-01,1.937e-01,1.920e-01,1.904e-01,1.891e-01,1.877e-01,1.866e-01,1.855e-01,1.846e-01,1.836e-01,1.829e-01,1.822e-01,1.816e-01,1.810e-01,1.806e-01,1.801e-01,1.799e-01,1.795e-01,1.794e-01,1.791e-01,1.790e-01,1.787e-01,1.784e-01,1.781e-01,1.778e-01,1.774e-01,1.771e-01,1.767e-01,1.764e-01,1.760e-01,1.757e-01,1.754e-01,1.751e-01,1.747e-01,1.743e-01,1.739e-01,1.733e-01,1.729e-01,1.723e-01,1.718e-01,1.711e-01,1.706e-01,1.699e-01,1.693e-01,1.685e-01,1.679e-01,1.671e-01,1.664e-01,1.655e-01,1.648e-01,1.639e-01,1.632e-01,1.623e-01,1.617e-01,1.610e-01,1.606e-01,1.600e-01,1.597e-01,1.593e-01,1.592e-01,1.590e-01,1.589e-01,1.587e-01,1.586e-01,1.582e-01,1.580e-01,1.575e-01,1.570e-01,1.562e-01,1.555e-01,1.544e-01,1.535e-01,1.524e-01,1.515e-01,1.503e-01,1.495e-01,1.485e-01,1.478e-01,1.469e-01,1.461e-01,1.452e-01,1.444e-01,1.433e-01,1.423e-01,1.410e-01,1.400e-01,1.387e-01,1.378e-01,1.369e-01,1.363e-01,1.359e-01,1.358e-01,1.357e-01,1.359e-01,1.361e-01,1.366e-01,1.369e-01,1.375e-01,1.381e-01,1.389e-01,1.396e-01,1.408e-01,1.419e-01,1.434e-01
1.452e-01,1.472e-01,1.491e-01,1.515e-01,1.539e-01,1.564e-01,1.589e-01,1.617e-01,1.644e-01,1.672e-01,1.700e-01,1.729e-01,1.757e-01,1.786e-01,1.813e-01,1.840e-01,1.866e-01,1.891e-01,1.915e-01,1.937e-01,1.958e-01,1.978e-01,1.996e-01,2.012e-01,2.028e-01,2.041e-01,2.054e-01,2.065e-01,2.075e-01,2.083e-01,2.089e-01,2.094e-01,2.098e-01,2.099e-01,2.100e-01,2.099e-01,2.099e-01,2.099e-01,2.100e-01,2.102e-01,2.106e-01,2.111e-01,2.117e-01,2.122e-01,2.126e-01,2.128e-01,2.127e-01,2.124e-01,2.119e-01,2.111e-01,2.101e-01,2.089e-01,2.076e-01,2.063e-01,2.050e-01,2.037e-01,2.026e-01,2.016e-01,2.007e-01,2.001e-01,1.997e-01,1.995e-01,1.997e-01,2.003e-01,2.013e-01,2.027e-01,2.044e-01,2.064e-01,2.086e-01,2.108e-01,2.132e-01,2.154e-01,2.176e-01,2.196e-01,2.214e-01,2.229e-01,2.241e-01,2.250e-01,2.256e-01,2.257e-01,2.256e-01,2.252e-01,2.245e-01,2.234e-01,2.222e-01,2.206e-01,2.190e-01,2.170e-01,2.149e-01,2.126e-01,2.103e-01,2.079e-01,2.056e-01,2.032e-01,2.011e-01,1.990e-01,1.972e-01,1.953e-01,1.938e-01,1.922e-01,1.909e-01,1.896e-01,1.885e-01,1.873e-01,1.864e-01,1.854e-01,1.846e-01,1.837e-01,1.830e-01,1.823e-01,1.818e-01,1.811e-01,1.807e-01,1.802e-01,1.799e-01,1.794e-01,1.791e-01,1.787e-01,1.783e-01,1.778e-01,1.775e-01,1.770e-01,1.766e-01,1.761e-01,1.758e-01,1.755e-01,1.752e-01,1.749e-01,1.746e-01,1.743e-01,1.740e-01,1.736e-01,1.731e-01,1.727e-01,1.721e-01,1.716e-01,1.710e-01,1.705e-01,1.698e-01,1.692e-01,1.685e-01,1.678e-01,1.671e-01,1.664e-01,1.655e-01,1.648e-01,1.640e-01,1.633e-01,1.625e-01,1.619e-01,1.612e-01,1.608e-01,1.603e-01,1.600e-01,1.597e-01,1.595e-01,1.593e-01,1.592e-01,1.590e-01,1.589e-01,1.586e-01,1.583e-01,1.578e-01,1.574e-01,1.566e-01,1.558e-01,1.548e-01,1.539e-01,1.527e-01,1.518e-01,1.506e-01,1.498e-01,1.488e-01,1.480e-01,1.471e-01,1.464e-01,1.455e-01,1.447e-01,1.436e-01,1.426e-01,1.414e-01,1.403e-01,1.390e-01,1.381e-01,1.371e-01,1.366e-01,1.361e-01,1.360e-01,1.360e-01,1.362e-01,1.363e-01,1.367e-01,1.371e-01,1.376e-01,1.382e-01,1.390e-01,1.397e-01,1.409e-01,1.421e-01,1.435e-01
1.453e-01,1.474e-01,1.494e-01,1.517e-01,1.542e-01,1.568e-01,1.594e-01,1.622e-01,1.649e-01,1.678e-01,1.706e-01,1.734e-01,1.761e-01,1.789e-01,1.816e-01,1.842e-01,1.867e-01,1.892e-01,1.915e-01,1.937e-01,1.958e-01,1.976e-01,1.994e-01,2.011e-01,2.026e-01,2.040e-01,2.053e-01,2.064e-01,2.074e-01,2.082e-01,2.089e-01,2.093e-01,2.096e-01,2.097e-01,2.097e-01,2.095e-01,2.094e-01,2.093e-01,2.093e-01,2.095e-01,2.099e-01,2.105e-01,2.111e-01,2.116e-01,2.121e-01,2.124e-01,2.125e-01,2.123e-01,2.119e-01,2.113e-01,2.105e-01,2.095e-01,2.083e-01,2.071e-01,2.059e-01,2.047e-01,2.036e-01,2.026e-01,2.017e-01,2.010e-01,2.005e-01,2.003e-01,2.005e-01,2.009e-01,2.018e-01,2.030e-01,2.045e-01,2.063e-01,2.083e-01,2.103e-01,2.124e-01,2.145e-01,2.165e-01,2.183e-01,2.199e-01,2.213e-01,2.224e-01,2.232e-01,2.238e-01,2.239e-01,2.239e-01,2.235e-01,2.229e-01,2.220e-01,2.209e-01,2.195e-01,2.180e-01,2.163e-01,2.145e-01,2.124e-01,2.104e-01,2.082e-01,2.062e-01,2.041e-01,2.022e-01,2.003e-01,1.986e-01,1.969e-01,1.955e-01,1.939e-01,1.927e-01,1.914e-01,1.903e-01,1.891e-01,1.881e-01,1.870e-01,1.861e-01,1.851e-01,1.843e-01,1.834e-01,1.828e-01,1.819e-01,1.814e-01,1.807e-01,1.802e-01,1.796e-01,1.792e-01,1.785e-01,1.781e-01,1.774e-01,1.770e-01,1.763e-01,1.759e-01,1.754e-01,1.751e-01,1.747e-01,1.745e-01,1.742e-01,1.740e-01,1.737e-01,1.735e-01,1.731e-01,1.727e-01,1.723e-01,1.718e-01,1.713e-01,1.708e-01,1.703e-01,1.697e-01,1.691e-01,1.684e-01,1.677e-01,1.670e-01,1.663e-01,1.655e-01,1.648e-01,1.640e-01,1.633e-01,1.626e-01,1.620e-01,1.614e-01,1.610e-01,1.605e-01,1.602e-01,1.600e-01,1.598e-01,1.596e-01,1.595e-01,1.593e-01,1.592e-01,1.589e-01,1.587e-01,1.582e-01,1.577e-01,1.569e-01,1.562e-01,1.552e-01,1.542e-01,1.530e-01,1.520e-01,1.509e-01,1.500e-01,1.490e-01,1.482e-01,1.473e-01,1.466e-01,1.457e-01,1.449e-01,1.439e-01,1.429e-01,1.416e-01,1.405e-01,1.393e-01,1.383e-01,1.373e-01,1.368e-01,1.363e-01,1.362e-01,1.361e-01,1.363e-01,1.365e-01,1.369e-01,1.372e-01,1.378e-01,1.382e-01,1.390e-01,1.398e-01,1.409e-01,1.421e-01,1.437e-01
1.454e-01,1.474e-01,1.496e-01,1.520e-01,1.544e-01,1.571e-01,1.598e-01,1.625e-01,1.653e-01,1.681e-01,1.709e-01,1.738e-01,1.765e-01,1.792e-01,1.818e-01,1.844e-01,1.869e-01,1.892e-01,1.915e-01,1.936e-01,1.957e-01,1.975e-01,1.993e-01,2.010e-01,2.025e-01,2.039e-01,2.052e-01,2.063e-01,2.074e-01,2.081e-01,2.088e-01,2.092e-01,2.095e-01,2.095e-01,2.094e-01,2.092e-01,2.090e-01,2.088e-01,2.088e-01,2.090e-01,2.094e-01,2.099e-01,2.106e-01,2.112e-01,2.118e-01,2.121e-01,2.124e-01,2.123e-01,2.121e-01,2.116e-01,2.109e-01,2.100e-01,2.089e-01,2.078e-01,2.067e-01,2.055e-01,2.044e-01,2.034e-01,2.025e-01,2.018e-01,2.013e-01,2.010e-01,2.010e-01,2.014e-01,2.021e-01,2.031e-01,2.045e-01,2.061e-01,2.079e-01,2.098e-01,2.117e-01,2.135e-01,2.153e-01,2.170e-01,2.185e-01,2.197e-01,2.208e-01,2.215e-01,2.221e-01,2.223e-01,2.223e-01,2.219e-01,2.215e-01,2.206e-01,2.198e-01,2.185e-01,2.172e-01,2.156e-01,2.141e-01,2.123e-01,2.105e-01,2.086e-01,2.069e-01,2.050e-01,2.033e-01,2.016e-01,2.001e-01,1.985e-01,1.972e-01,1.957e-01,1.945e-01,1.931e-01,1.921e-01,1.908e-01,1.898e-01,1.886e-01,1.876e-01,1.864e-01,1.856e-01,1.845e-01,1.837e-01,1.827e-01,1.820e-01,1.811e-01,1.805e-01,1.797e-01,1.791e-01,1.783e-01,1.777e-01,1.769e-01,1.764e-01,1.756e-01,1.752e-01,1.746e-01,1.743e-01,1.739e-01,1.737e-01,1.734e-01,1.733e-01,1.730e-01,1.728e-01,1.725e-01,1.722e-01,1.718e-01,1.714e-01,1.709e-01,1.705e-01,1.700e-01,1.694e-01,1.688e-01,1.682e-01,1.675e-01,1.668e-01,1.661e-01,1.654e-01,1.647e-01,1.640e-01,1.633e-01,1.627e-01,1.621e-01,1.616e-01,1.612e-01,1.608e-01,1.605e-01,1.602e-01,1.600e-01,1.599e-01,1.598e-01,1.596e-01,1.595e-01,1.593e-01,1.590e-01,1.585e-01,1.580e-01,1.573e-01,1.565e-01,1.555e-01,1.545e-01,1.533e-01,1.522e-01,1.511e-01,1.501e-01,1.491e-01,1.483e-01,1.475e-01,1.467e-01,1.459e-01,1.451e-01,1.441e-01,1.431e-01,1.418e-01,1.407e-01,1.395e-01,1.384e-01,1.375e-01,1.369e-01,1.364e-01,1.363e-01,1.362e-01,1.364e-01,1.366e-01,1.370e-01,1.373e-01,1.379e-01,1.383e-01,1.390e-01,1.398e-01,1.409e-01,1.421e-01,1.437e-01
1.455e-01,1.475e-01,1.497e-01,1.522e-01,1.546e-01,1.573e-01,1.600e-01,1.628e-01,1.656e-01,1.684e-01,1.712e-01,1.740e-01,1.767e-01,1.794e-01,1.819e-01,1.845e-01,1.869e-01,1.892e-01,1.915e-01,1.936e-01,1.955e-01,1.975e-01,1.992e-01,2.009e-01,2.025e-01,2.038e-01,2.051e-01,2.063e-01,2.073e-01,2.081e-01,2.087e-01,2.091e-01,2.093e-01,2.093e-01,2.092e-01,2.089e-01,2.087e-01,2.084e-01,2.084e-01,2.086e-01,2.090e-01,2.096e-01,2.103e-01,2.109e-01,2.116e-01,2.120e-01,2.123e-01,2.124e-01,2.123e-01,2.119e-01,2.113e-01,2.105e-01,2.095e-01,2.085e-01,2.073e-01,2.062e-01,2.051e-01,2.041e-01,2.032e-01,2.025e-01,2.019e-01,2.015e-01,2.014e-01,2.017e-01,2.023e-01,2.032e-01,2.044e-01,2.058e-01,2.075e-01,2.091e-01,2.109e-01,2.125e-01,2.142e-01,2.157e-01,2.171e-01,2.182e-01,2.192e-01,2.199e-01,2.204e-01,2.207e-01,2.208e-01,2.205e-01,2.201e-01,2.194e-01,2.187e-01,2.176e-01,2.166e-01,2.152e-01,2.139e-01,2.123e-01,2.108e-01,2.091e-01,2.076e-01,2.059e-01,2.045e-01,2.029e-01,2.016e-01,2.001e-01,1.989e-01,1.975e-01,1.963e-01,1.949e-01,1.938e-01,1.925e-01,1.914e-01,1.901e-01,1.890e-01,1.878e-01,1.868e-01,1.855e-01,1.846e-01,1.834e-01,1.826e-01,1.815e-01,1.807e-01,1.797e-01,1.790e-01,1.780e-01,1.773e-01,1.764e-01,1.757e-01,1.749e-01,1.744e-01,1.738e-01,1.734e-01,1.730e-01,1.729e-01,1.726e-01,1.725e-01,1.722e-01,1.721e-01,1.718e-01,1.716e-01,1.712e-01,1.709e-01,1.705e-01,1.701e-01,1.696e-01,1.691e-01,1.685e-01,1.679e-01,1.673e-01,1.666e-01,1.659e-01,1.653e-01,1.646e-01,1.640e-01,1.633e-01,1.628e-01,1.622e-01,1.617e-01,1.613e-01,1.610e-01,1.607e-01,1.605e-01,1.603e-01,1.602e-01,1.600e-01,1.599e-01,1.598e-01,1.595e-01,1.592e-01,1.588e-01,1.583e-01,1.575e-01,1.567e-01,1.557e-01,1.547e-01,1.535e-01,1.524e-01,1.513e-01,1.503e-01,1.493e-01,1.485e-01,1.476e-01,1.469e-01,1.460e-01,1.452e-01,1.442e-01,1.432e-01,1.420e-01,1.408e-01,1.396e-01,1.385e-01,1.376e-01,1.369e-01,1.365e-01,1.363e-01,1.363e-01,1.365e-01,1.367e-01,1.371e-01,1.374e-01,1.379e-01,1.384e-01,1.390e-01,1.398e-01,1.409e-01,1.421e-01,1.437e-01
1.455e-01,1.476e-01,1.497e-01,1.522e-01,1.547e-01,1.574e-01,1.601e-01,1.630e-01,1.657e-01,1.686e-01,1.713e-01,1.741e-01,1.768e-01,1.795e-01,1.820e-01,1.845e-01,1.869e-01,1.893e-01,1.915e-01,1.935e-01,1.955e-01,1.974e-01,1.991e-01,2.008e-01,2.023e-01,2.037e-01,2.050e-01,2.062e-01,2.072e-01,2.079e-01,2.086e-01,2.090e-01,2.092e-01,2.091e-01,2.090e-01,2.087e-01,2.084e-01,2.082e-01,2.082e-01,2.084e-01,2.088e-01,2.094e-01,2.101e-01,2.108e-01,2.115e-01,2.121e-01,2.124e-01,2.126e-01,2.125e-01,2.122e-01,2.117e-01,2.110e-01,2.101e-01,2.091e-01,2.080e-01,2.069e-01,2.058e-01,2.048e-01,2.038e-01,2.030e-01,2.024e-01,2.019e-01,2.018e-01,2.019e-01,2.024e-01,2.032e-01,2.042e-01,2.055e-01,2.070e-01,2.085e-01,2.100e-01,2.115e-01,2.130e-01,2.144e-01,2.156e-01,2.167e-01,2.176e-01,2.183e-01,2.188e-01,2.191e-01,2.193e-01,2.191e-01,2.189e-01,2.183e-01,2.178e-01,2.169e-01,2.160e-01,2.148e-01,2.137e-01,2.124e-01,2.112e-01,2.097e-01,2.084e-01,2.070e-01,2.058e-01,2.043e-01,2.032e-01,2.018e-01,2.006e-01,1.993e-01,1.981e-01,1.967e-01,1.956e-01,1.942e-01,1.930e-01,1.916e-01,1.905e-01,1.890e-01,1.879e-01,1.865e-01,1.854e-01,1.841e-01,1.831e-01,1.818e-01,1.809e-01,1.797e-01,1.789e-01,1.777e-01,1.769e-01,1.758e-01,1.751e-01,1.742e-01,1.736e-01,1.729e-01,1.726e-01,1.721e-01,1.720e-01,1.717e-01,1.716e-01,1.714e-01,1.713e-01,1.710e-01,1.708e-01,1.705e-01,1.703e-01,1.699e-01,1.696e-01,1.691e-01,1.687e-01,1.681e-01,1.676e-01,1.670e-01,1.664e-01,1.658e-01,1.651e-01,1.645e-01,1.639e-01,1.633e-01,1.628e-01,1.623e-01,1.619e-01,1.615e-01,1.611e-01,1.609e-01,1.607e-01,1.605e-01,1.604e-01,1.603e-01,1.602e-01,1.600e-01,1.598e-01,1.595e-01,1.591e-01,1.585e-01,1.578e-01,1.570e-01,1.560e-01,1.549e-01,1.537e-01,1.526e-01,1.515e-01,1.504e-01,1.494e-01,1.486e-01,1.477e-01,1.470e-01,1.461e-01,1.453e-01,1.443e-01,1.433e-01,1.421e-01,1.409e-01,1.396e-01,1.386e-01,1.376e-01,1.369e-01,1.365e-01,1.363e-01,1.363e-01,1.365e-01,1.367e-01,1.371e-01,1.374e-01,1.379e-01,1.384e-01,1.391e-01,1.398e-01,1.409e-01,1.421e-01,1.437e-01
1.454e-01,1.476e-01,1.498e-01,1.522e-01,1.548e-01,1.575e-01,1.602e-01,1.630e-01,1.657e-01,1.686e-01,1.714e-01,1.741e-01,1.768e-01,1.795e-01,1.821e-01,1.846e-01,1.870e-01,1.893e-01,1.914e-01,1.935e-01,1.955e-01,1.973e-01,1.991e-01,2.007e-01,2.022e-01,2.037e-01,2.049e-01,2.060e-01,2.071e-01,2.078e-01,2.084e-01,2.088e-01,2.090e-01,2.090e-01,2.089e-01,2.086e-01,2.083e-01,2.081e-01,2.081e-01,2.083e-01,2.087e-01,2.093e-01,2.101e-01,2.109e-01,2.116e-01,2.122e-01,2.127e-01,2.129e-01,2.129e-01,2.126e-01,2.122e-01,2.115e-01,2.106e-01,2.096e-01,2.086e-01,2.075e-01,2.064e-01,2.053e-01,2.043e-01,2.035e-01,2.028e-01,2.023e-01,2.020e-01,2.020e-01,2.024e-01,2.030e-01,2.040e-01,2.051e-01,2.064e-01,2.077e-01,2.091e-01,2.105e-01,2.118e-01,2.130e-01,2.142e-01,2.151e-01,2.160e-01,2.167e-01,2.172e-01,2.175e-01,2.178e-01,2.177e-01,2.176e-01,2.172e-01,2.169e-01,2.162e-01,2.155e-01,2.146e-01,2.137e-01,2.126e-01,2.116e-01,2.104e-01,2.094e-01,2.082e-01,2.071e-01,2.059e-01,2.048e-01,2.036e-01,2.025e-01,2.011e-01,2.000e-01,1.986e-01,1.974e-01,1.959e-01,1.947e-01,1.932e-01,1.919e-01,1.903e-01,1.890e-01,1.875e-01,1.862e-01,1.847e-01,1.836e-01,1.821e-01,1.811e-01,1.797e-01,1.787e-01,1.774e-01,1.765e-01,1.753e-01,1.744e-01,1.734e-01,1.728e-01,1.720e-01,1.717e-01,1.712e-01,1.710e-01,1.707e-01,1.707e-01,1.705e-01,1.704e-01,1.702e-01,1.701e-01,1.698e-01,1.696e-01,1.693e-01,1.690e-01,1.686e-01,1.682e-01,1.677e-01,1.673e-01,1.667e-01,1.662e-01,1.656e-01,1.650e-01,1.644e-01,1.639e-01,1.633e-01,1.629e-01,1.624e-01,1.620e-01,1.616e-01,1.613e-01,1.610e-01,1.609e-01,1.607e-01,1.606e-01,1.605e-01,1.604e-01,1.602e-01,1.600e-01,1.597e-01,1.593e-01,1.587e-01,1.580e-01,1.572e-01,1.562e-01,1.551e-01,1.539e-01,1.528e-01,1.516e-01,1.506e-01,1.496e-01,1.487e-01,1.478e-01,1.471e-01,1.462e-01,1.454e-01,1.444e-01,1.433e-01,1.421e-01,1.409e-01,1.397e-01,1.386e-01,1.376e-01,1.369e-01,1.365e-01,1.363e-01,1.363e-01,1.365e-01,1.367e-01,1.371e-01,1.375e-01,1.379e-01,1.383e-01,1.391e-01,1.398e-01,1.408e-01,1.421e-01,1.437e-01
