1.868e-05,3.869e-05,-1.238e-05,-1.160e-05,3.465e-05,2.742e-05,-1.861e-06,-2.556e-05,-5.184e-06,4.284e-05,3.016e-05,-4.316e-05,-4.380e-05,3.728e-05,4.804e-05,-3.727e-06,-4.155e-05,-1.583e-05,5.263e-05,4.658e-06,-2.996e-05,7.214e-06,-2.256e-05,1.702e-05,-2.308e-06,-1.726e-05,2.057e-06,-2.451e-05,-2.348e-05,-1.506e-05,-2.995e-05,-1.639e-05,-1.885e-05,-1.909e-05,-2.290e-05,-1.220e-05,-1.542e-05,-1.421e-05,-1.349e-05,-8.148e-06,-9.021e-06,-4.203e-06,-7.656e-06,-2.412e-07,2.020e-07,3.465e-06,-1.115e-06,6.205e-06,5.766e-06,8.205e-06,2.656e-06,7.163e-06,6.284e-06,7.956e-06,6.456e-07,2.040e-06,6.342e-06,1.673e-05,1.960e-05,2.051e-05,1.921e-05,1.764e-05,1.596e-05,1.416e-05,1.763e-05,1.733e-05,1.868e-05,1.190e-05,1.192e-05,5.598e-06,8.141e-06,1.405e-06,4.717e-06,-2.199e-06,1.855e-06,-5.884e-06,-1.829e-06,-9.385e-06,-4.075e-06,-1.008e-05,-3.391e-06,-7.808e-06,-9.796e-07,-4.866e-06,4.174e-07,-3.361e-06,7.177e-08,-2.731e-06,-5.422e-07,-1.492e-06,-4.219e-07,3.748e-07,-1.280e-07,2.094e-06,3.258e-08,3.770e-06,3.542e-07,5.380e-06,3.613e-07,6.147e-06,-6.509e-07,5.759e-06,-2.432e-06,4.921e-06,-4.029e-06,4.510e-06,-4.752e-06,4.970e-06,-4.388e-06,6.242e-06,-3.387e-06,7.537e-06,-2.833e-06,7.860e-06,-3.297e-06,7.578e-06,-3.375e-06,8.736e-06,-1.568e-06,1.102e-05,-3.020e-07,1.104e-05,-2.037e-06,8.253e-06,-5.654e-06,4.470e-06,-9.178e-06,1.680e-06,-1.065e-05,1.310e-06,-9.605e-06,2.442e-06,-8.078e-06,2.377e-06,-8.584e-06,-6.647e-07,-1.170e-05,-6.100e-06,-1.583e-05,-1.173e-05,-1.843e-05,-1.493e-05,-1.697e-05,-1.351e-05,-1.020e-05,-7.530e-06,-1.193e-07,-5.974e-07,8.327e-06,2.365e-06,1.083e-05,-1.178e-06,6.726e-06,-9.666e-06,-7.121e-07,-1.849e-05,-6.492e-06,-2.306e-05,-7.143e-06,-2.144e-05,-2.553e-06,-1.500e-05,4.819e-06,-6.960e-06,1.183e-05,2.535e-07,1.665e-05,5.707e-06,2.018e-05,1.040e-05,2.300e-05,1.466e-05,2.347e-05,1.528e-05,2.170e-05,1.323e-05,1.777e-05,1.219e-05,1.333e-05,7.315e-06,1.019e-05,2.874e-08,-1.106e-06,-1.669e-06,-9.196e-06,-1.309e-05,8.801e-07,-1.329e-05,-1.013e-05,1.097e-05,-7.632e-06,-8.071e-06,2.139e-05,-7.373e-06,-4.774e-06,2.061e-05,-4.144e-06,6.732e-06
6.203e-05,-6.051e-06,-3.858e-05,2.264e-05,1.666e-05,-1.121e-05,-2.175e-05,-3.889e-05,1.163e-05,3.983e-05,-4.394e-05,-8.250e-05,8.860e-06,7.577e-05,-2.081e-05,-9.750e-05,9.998e-06,2.512e-05,1.757e-05,9.884e-06,-9.978e-05,4.641e-05,2.160e-05,-5.957e-05,5.618e-05,-2.819e-05,4.617e-07,1.484e-05,-6.563e-05,1.018e-05,-9.524e-06,-3.765e-05,1.255e-06,-1.637e-05,-1.923e-05,-5.128e-06,-1.197e-05,-1.100e-05,-6.420e-06,-7.575e-06,-9.809e-06,-2.083e-06,-4.300e-06,-5.660e-06,-4.420e-06,1.203e-06,-1.825e-06,-2.186e-06,-3.474e-06,4.731e-07,2.008e-07,-2.283e-07,-3.102e-06,-1.067e-06,-2.121e-07,-2.085e-09,4.421e-06,1.549e-05,2.800e-05,2.933e-05,2.700e-05,1.940e-05,2.065e-05,1.694e-05,2.076e-05,1.343e-05,1.480e-05,3.364e-06,3.943e-06,-8.823e-06,-5.419e-06,-1.591e-05,-9.102e-06,-1.925e-05,-1.167e-05,-2.197e-05,-1.323e-05,-2.283e-05,-1.264e-05,-2.020e-05,-7.657e-06,-1.273e-05,2.728e-07,-4.224e-06,7.046e-06,2.723e-06,1.184e-05,8.258e-06,1.519e-05,1.248e-05,1.642e-05,1.353e-05,1.319e-05,9.447e-06,5.189e-06,1.669e-06,-4.784e-06,-6.511e-06,-1.349e-05,-1.218e-05,-1.836e-05,-1.318e-05,-1.781e-05,-8.821e-06,-1.240e-05,-1.112e-06,-5.246e-06,6.373e-06,3.402e-07,1.115e-05,2.866e-06,1.273e-05,2.611e-06,1.210e-05,1.119e-06,1.154e-05,1.315e-06,1.398e-05,4.642e-06,1.793e-05,6.643e-06,1.786e-05,3.488e-06,1.305e-05,-2.917e-06,6.404e-06,-9.653e-06,5.671e-07,-1.426e-05,-2.523e-06,-1.563e-05,-2.996e-06,-1.493e-05,-2.776e-06,-1.415e-05,-3.518e-06,-1.424e-05,-5.495e-06,-1.485e-05,-7.986e-06,-1.497e-05,-9.772e-06,-1.326e-05,-9.559e-06,-8.993e-06,-7.441e-06,-3.615e-06,-5.779e-06,-1.922e-07,-7.111e-06,-4.974e-07,-1.185e-05,-3.961e-06,-1.817e-05,-8.049e-06,-2.304e-05,-9.613e-06,-2.375e-05,-7.134e-06,-1.971e-05,-1.059e-06,-1.289e-05,6.256e-06,-5.051e-06,1.247e-05,1.944e-06,1.826e-05,8.012e-06,2.315e-05,1.624e-05,2.765e-05,2.065e-05,3.077e-05,1.999e-05,2.333e-05,1.871e-05,1.860e-05,8.915e-06,1.826e-05,1.136e-05,4.506e-06,9.371e-06,1.181e-05,-9.005e-06,2.703e-06,1.134e-05,-9.849e-06,-2.773e-06,2.515e-05,-5.352e-06,-1.000e-06,3.187e-05,-2.464e-06,-4.950e-06,3.660e-05,-1.258e-05,-1.046e-06,4.892e-05
9.114e-06,-5.226e-05,5.234e-05,4.667e-05,-5.509e-05,-2.571e-05,3.327e-05,3.710e-05,-2.418e-06,-7.870e-05,-4.432e-05,8.183e-05,5.499e-05,-9.807e-05,-7.656e-05,3.981e-05,7.799e-05,1.934e-05,-1.176e-04,-8.613e-07,5.662e-05,-4.303e-05,1.471e-05,-4.111e-05,1.031e-05,3.719e-05,-4.244e-05,-1.184e-05,-1.992e-05,-3.644e-05,-1.279e-05,-2.728e-05,-2.689e-05,-2.258e-05,-1.267e-05,-2.231e-05,-1.818e-05,-1.434e-05,-1.287e-05,-1.073e-05,-9.710e-06,-1.123e-05,-2.018e-06,6.670e-08,-1.219e-06,-2.276e-06,5.049e-06,4.769e-06,3.568e-06,-6.177e-07,3.389e-06,3.383e-06,3.888e-06,-4.137e-06,-3.295e-06,-3.831e-06,6.315e-06,1.092e-05,2.419e-05,2.233e-05,2.487e-05,1.322e-05,1.718e-05,1.006e-05,1.952e-05,1.101e-05,1.820e-05,4.346e-06,1.020e-05,-4.493e-06,4.533e-06,-9.025e-06,1.904e-06,-1.203e-05,-3.127e-07,-1.506e-05,-3.388e-06,-1.842e-05,-5.244e-06,-1.793e-05,-2.319e-06,-1.294e-05,2.583e-06,-8.003e-06,5.146e-06,-5.654e-06,5.096e-06,-4.492e-06,4.649e-06,-2.776e-06,4.587e-06,-1.063e-06,3.744e-06,-5.798e-07,1.755e-06,-8.798e-07,-3.650e-07,-1.127e-06,-2.322e-06,-1.600e-06,-4.609e-06,-2.538e-06,-6.911e-06,-3.143e-06,-8.298e-06,-2.782e-06,-8.585e-06,-1.614e-06,-8.082e-06,3.613e-08,-7.196e-06,1.694e-06,-6.546e-06,2.835e-06,-6.282e-06,4.235e-06,-4.555e-06,8.233e-06,-1.679e-07,1.318e-05,2.200e-06,1.341e-05,-9.677e-07,9.084e-06,-6.546e-06,4.249e-06,-1.089e-05,1.652e-06,-1.206e-05,2.180e-06,-1.041e-05,3.941e-06,-8.892e-06,3.575e-06,-1.029e-05,-5.937e-07,-1.481e-05,-7.452e-06,-2.028e-05,-1.423e-05,-2.361e-05,-1.772e-05,-2.180e-05,-1.551e-05,-1.374e-05,-8.254e-06,-2.475e-06,-7.295e-07,6.110e-06,1.738e-06,7.879e-06,-2.845e-06,2.705e-06,-1.247e-05,-5.778e-06,-2.227e-05,-1.229e-05,-2.729e-05,-1.324e-05,-2.571e-05,-8.500e-06,-1.917e-05,-1.073e-06,-1.084e-05,5.980e-06,-3.607e-06,1.161e-05,2.811e-06,1.640e-05,1.030e-05,2.189e-05,1.564e-05,2.419e-05,1.629e-05,1.939e-05,1.369e-05,1.554e-05,8.731e-06,1.406e-05,8.627e-06,5.631e-06,5.899e-06,3.987e-06,-1.074e-05,7.256e-07,-2.461e-06,-1.845e-05,1.787e-06,9.962e-06,-2.469e-05,1.198e-05,1.937e-05,-2.998e-05,9.762e-06,2.679e-05,-3.200e-05,1.883e-05,1.882e-05
-5.586e-05,8.887e-06,6.096e-05,-7.241e-05,-3.165e-05,4.615e-05,-1.934e-05,-4.105e-05,-4.544e-05,-3.947e-05,4.856e-05,1.481e-05,-1.091e-04,-9.517e-05,7.040e-05,1.001e-04,-1.123e-04,-8.045e-05,2.056e-05,-1.253e-05,9.807e-05,-9.547e-05,-5.302e-05,7.472e-05,-3.985e-05,4.223e-05,1.005e-06,-4.864e-05,3.537e-05,-4.655e-05,-2.908e-05,-1.892e-06,-2.089e-05,-2.161e-05,-9.949e-06,-2.114e-05,-6.380e-06,-1.410e-05,-1.313e-05,-1.303e-05,2.522e-06,-9.267e-06,-3.637e-06,-4.121e-06,8.721e-06,-2.062e-06,4.331e-07,-6.750e-06,4.300e-06,-3.621e-06,-1.520e-06,-1.132e-05,-3.831e-07,-7.163e-06,-3.547e-06,-1.260e-05,6.170e-06,1.214e-05,3.051e-05,2.145e-05,2.889e-05,1.434e-05,2.217e-05,7.632e-06,1.908e-05,4.144e-06,1.383e-05,-6.851e-06,1.709e-06,-1.925e-05,-7.327e-06,-2.680e-05,-1.161e-05,-3.008e-05,-1.342e-05,-3.256e-05,-1.525e-05,-3.389e-05,-1.428e-05,-3.016e-05,-7.302e-06,-2.053e-05,2.606e-06,-1.074e-05,9.895e-06,-3.577e-06,1.458e-05,2.097e-06,1.765e-05,6.322e-06,1.827e-05,7.077e-06,1.404e-05,2.276e-06,4.490e-06,-6.813e-06,-7.501e-06,-1.655e-05,-1.818e-05,-2.353e-05,-2.461e-05,-2.526e-05,-2.483e-05,-2.070e-05,-1.924e-05,-1.200e-05,-1.150e-05,-3.523e-06,-5.622e-06,1.890e-06,-3.029e-06,4.171e-06,-2.862e-06,4.822e-06,-3.196e-06,6.360e-06,-9.941e-07,1.163e-05,4.701e-06,1.803e-05,7.786e-06,1.838e-05,3.530e-06,1.230e-05,-4.705e-06,4.591e-06,-1.233e-05,-1.156e-06,-1.672e-05,-3.432e-06,-1.754e-05,-3.298e-06,-1.683e-05,-3.269e-06,-1.680e-05,-4.946e-06,-1.818e-05,-8.314e-06,-2.032e-05,-1.221e-05,-2.160e-05,-1.461e-05,-1.984e-05,-1.359e-05,-1.420e-05,-9.766e-06,-7.264e-06,-6.959e-06,-3.349e-06,-8.409e-06,-4.307e-06,-1.400e-05,-8.803e-06,-2.135e-05,-1.383e-05,-2.689e-05,-1.611e-05,-2.796e-05,-1.383e-05,-2.427e-05,-8.090e-06,-1.736e-05,-1.235e-06,-1.022e-05,5.267e-06,-3.583e-06,1.019e-05,3.852e-06,1.665e-05,1.138e-05,2.412e-05,1.888e-05,2.411e-05,1.890e-05,2.154e-05,1.087e-05,1.504e-05,1.252e-05,9.557e-06,8.328e-06,1.661e-05,5.134e-06,4.057e-06,1.080e-05,6.056e-06,-7.342e-06,1.148e-05,1.242e-05,-7.128e-06,7.301e-06,2.805e-05,-1.712e-05,2.280e-06,3.121e-05,-2.356e-05,-7.244e-07,4.496e-05,-3.729e-05
-2.866e-05,8.301e-05,-4.970e-05,-7.715e-05,1.074e-04,1.286e-05,-9.134e-05,-2.508e-05,1.561e-05,4.753e-05,-8.930e-06,-1.612e-04,-5.400e-05,1.535e-04,3.776e-05,-1.396e-04,-8.692e-05,3.306e-06,1.928e-04,-5.416e-05,-1.328e-04,4.047e-05,-4.622e-05,3.156e-05,1.809e-05,-3.692e-05,6.356e-05,-3.943e-05,-3.114e-05,-1.713e-05,-2.341e-05,-3.556e-05,-1.289e-05,-2.716e-05,-2.036e-05,-3.038e-05,-1.347e-05,-2.551e-05,-3.354e-06,-2.596e-05,-6.395e-06,-7.488e-06,1.051e-05,-1.125e-05,4.755e-06,-3.137e-06,1.240e-05,-7.687e-06,5.198e-07,-1.173e-05,5.482e-06,-1.096e-05,-3.875e-06,-1.866e-05,-2.243e-06,-1.413e-05,4.717e-06,1.089e-06,2.669e-05,1.463e-05,2.665e-05,5.398e-06,1.951e-05,1.774e-06,1.945e-05,-4.198e-07,1.609e-05,-7.162e-06,8.753e-06,-1.666e-05,8.292e-07,-2.375e-05,-3.473e-06,-2.819e-05,-7.286e-06,-3.322e-05,-1.187e-05,-3.789e-05,-1.408e-05,-3.706e-05,-9.499e-06,-3.032e-05,-3.076e-06,-2.474e-05,-2.800e-07,-2.222e-05,-3.052e-07,-2.079e-05,-9.880e-07,-1.897e-05,-1.624e-06,-1.725e-05,-3.103e-06,-1.679e-05,-5.986e-06,-1.766e-05,-9.690e-06,-1.913e-05,-1.363e-05,-2.094e-05,-1.766e-05,-2.256e-05,-2.059e-05,-2.241e-05,-2.114e-05,-2.017e-05,-2.004e-05,-1.714e-05,-1.856e-05,-1.414e-05,-1.697e-05,-1.105e-05,-1.517e-05,-7.833e-06,-1.299e-05,-3.661e-06,-8.757e-06,3.412e-06,-1.928e-06,1.081e-05,1.685e-06,1.172e-05,-2.271e-06,6.196e-06,-9.835e-06,-1.609e-07,-1.564e-05,-3.323e-06,-1.716e-05,-2.519e-06,-1.536e-05,-4.376e-07,-1.394e-05,-9.938e-07,-1.596e-05,-5.897e-06,-2.155e-05,-1.391e-05,-2.839e-05,-2.191e-05,-3.274e-05,-2.578e-05,-3.069e-05,-2.242e-05,-2.102e-05,-1.311e-05,-8.007e-06,-4.214e-06,9.792e-07,-1.949e-06,1.738e-06,-7.658e-06,-4.770e-06,-1.831e-05,-1.419e-05,-2.851e-05,-2.109e-05,-3.368e-05,-2.217e-05,-3.223e-05,-1.787e-05,-2.593e-05,-1.071e-05,-1.831e-05,-3.798e-06,-1.107e-05,1.574e-06,-4.145e-06,8.193e-06,3.534e-06,1.483e-05,1.082e-05,1.643e-05,1.097e-05,1.459e-05,6.198e-06,9.941e-06,7.425e-06,6.924e-06,5.427e-06,1.172e-05,-5.651e-07,2.351e-06,5.633e-06,-6.092e-06,-1.022e-05,1.352e-05,-1.060e-05,-1.294e-05,2.203e-05,-3.701e-06,-3.411e-05,3.625e-05,-4.484e-06,-4.333e-05,4.065e-05,8.000e-06,-4.379e-05
4.631e-05,8.803e-06,-1.020e-04,8.146e-05,3.001e-05,-1.717e-04,1.305e-05,5.862e-05,-4.848e-05,-7.184e-05,-1.095e-04,-1.479e-05,1.405e-04,-1.829e-05,-2.048e-04,-1.447e-04,2.381e-04,6.091e-05,-1.467e-04,-2.839e-05,-1.041e-04,1.034e-04,6.735e-05,-1.289e-04,9.618e-05,-1.319e-05,2.026e-05,1.509e-05,-5.251e-05,-1.916e-05,1.455e-05,-4.608e-05,-1.314e-05,-3.827e-05,-8.392e-06,-2.969e-05,-1.256e-05,-4.188e-05,8.998e-07,-1.592e-05,2.357e-06,-2.189e-05,1.282e-05,-1.483e-06,1.635e-05,-1.230e-05,8.225e-06,-8.649e-06,7.988e-06,-2.179e-05,-6.492e-06,-2.227e-05,-1.545e-06,-2.599e-05,-9.429e-06,-2.449e-05,5.565e-06,-4.682e-06,2.273e-05,3.061e-06,2.201e-05,-4.971e-06,1.275e-05,-1.492e-05,5.074e-06,-2.318e-05,-2.858e-06,-3.466e-05,-1.556e-05,-4.916e-05,-2.771e-05,-6.031e-05,-3.595e-05,-6.784e-05,-4.144e-05,-7.376e-05,-4.615e-05,-7.766e-05,-4.591e-05,-7.336e-05,-3.704e-05,-6.236e-05,-2.607e-05,-5.229e-05,-1.864e-05,-4.499e-05,-1.387e-05,-3.867e-05,-1.046e-05,-3.334e-05,-9.274e-06,-3.093e-05,-1.238e-05,-3.363e-05,-2.086e-05,-4.129e-05,-3.281e-05,-5.083e-05,-4.452e-05,-5.838e-05,-5.212e-05,-6.007e-05,-5.214e-05,-5.364e-05,-4.455e-05,-4.182e-05,-3.431e-05,-3.039e-05,-2.637e-05,-2.241e-05,-2.166e-05,-1.709e-05,-1.856e-05,-1.260e-05,-1.528e-05,-6.916e-06,-9.523e-06,1.908e-06,-1.239e-06,1.057e-05,3.013e-06,1.157e-05,-1.828e-06,4.382e-06,-1.195e-05,-4.983e-06,-2.116e-05,-1.158e-05,-2.612e-05,-1.385e-05,-2.694e-05,-1.354e-05,-2.631e-05,-1.366e-05,-2.678e-05,-1.599e-05,-2.918e-05,-2.054e-05,-3.277e-05,-2.575e-05,-3.518e-05,-2.856e-05,-3.322e-05,-2.627e-05,-2.580e-05,-2.000e-05,-1.671e-05,-1.519e-05,-1.194e-05,-1.632e-05,-1.363e-05,-2.275e-05,-1.931e-05,-3.070e-05,-2.499e-05,-3.632e-05,-2.724e-05,-3.722e-05,-2.515e-05,-3.347e-05,-1.968e-05,-2.732e-05,-1.308e-05,-2.054e-05,-7.611e-06,-1.434e-05,-1.892e-06,-7.940e-06,4.985e-06,1.593e-06,1.152e-05,7.484e-06,1.553e-05,6.911e-06,1.047e-05,5.860e-06,7.444e-06,1.629e-06,1.130e-05,6.936e-06,8.476e-06,8.976e-06,1.560e-05,2.511e-06,8.716e-06,1.298e-05,9.891e-06,-5.200e-06,2.206e-05,9.050e-06,-1.702e-05,1.062e-05,2.292e-05,-4.796e-05,2.143e-05,3.124e-05,-5.648e-05,1.946e-05
8.807e-05,-9.916e-05,1.445e-05,1.078e-04,-1.569e-04,-3.634e-05,1.747e-04,-8.918e-05,-1.061e-04,-3.436e-05,9.476e-06,1.001e-04,-7.222e-05,-3.205e-04,5.674e-05,2.257e-04,1.808e-05,-1.176e-04,-2.535e-04,1.130e-04,2.353e-04,-1.549e-04,3.007e-05,-9.203e-05,2.346e-05,7.067e-05,-3.222e-05,-5.105e-06,4.242e-05,-5.407e-05,-9.843e-06,-3.526e-05,-1.941e-06,-5.651e-05,-2.050e-05,-5.595e-05,-4.696e-06,-4.080e-05,-2.379e-05,-4.261e-05,1.176e-05,-1.578e-05,7.155e-06,-1.595e-05,2.097e-05,-6.205e-06,6.080e-06,-3.454e-05,-1.254e-05,-3.892e-05,-2.210e-05,-5.647e-05,-3.206e-05,-5.651e-05,-3.365e-05,-6.167e-05,-2.982e-05,-4.801e-05,-1.611e-05,-4.596e-05,-2.333e-05,-5.928e-05,-3.684e-05,-7.318e-05,-4.814e-05,-8.451e-05,-5.839e-05,-9.690e-05,-7.111e-05,-1.120e-04,-8.578e-05,-1.268e-04,-9.771e-05,-1.378e-04,-1.070e-04,-1.475e-04,-1.144e-04,-1.528e-04,-1.143e-04,-1.482e-04,-1.047e-04,-1.369e-04,-9.401e-05,-1.278e-04,-8.780e-05,-1.215e-04,-8.382e-05,-1.151e-04,-7.984e-05,-1.075e-04,-7.525e-05,-9.929e-05,-7.112e-05,-9.238e-05,-6.904e-05,-8.819e-05,-6.958e-05,-8.672e-05,-7.218e-05,-8.688e-05,-7.510e-05,-8.593e-05,-7.494e-05,-8.082e-05,-7.030e-05,-7.244e-05,-6.382e-05,-6.382e-05,-5.755e-05,-5.549e-05,-5.077e-05,-4.629e-05,-4.281e-05,-3.633e-05,-3.427e-05,-2.589e-05,-2.475e-05,-1.433e-05,-1.478e-05,-4.715e-06,-1.004e-05,-3.411e-06,-1.465e-05,-1.036e-05,-2.440e-05,-1.900e-05,-3.238e-05,-2.379e-05,-3.511e-05,-2.368e-05,-3.378e-05,-2.188e-05,-3.267e-05,-2.275e-05,-3.515e-05,-2.819e-05,-4.147e-05,-3.699e-05,-4.916e-05,-4.556e-05,-5.380e-05,-4.895e-05,-5.074e-05,-4.362e-05,-3.886e-05,-3.152e-05,-2.362e-05,-2.054e-05,-1.393e-05,-1.810e-05,-1.425e-05,-2.476e-05,-2.211e-05,-3.584e-05,-3.180e-05,-4.552e-05,-3.813e-05,-4.975e-05,-3.876e-05,-4.788e-05,-3.410e-05,-4.174e-05,-2.703e-05,-3.401e-05,-2.023e-05,-2.721e-05,-1.356e-05,-1.996e-05,-6.589e-06,-1.082e-05,5.796e-07,-5.385e-06,4.771e-06,-3.839e-06,2.316e-06,-3.083e-06,2.352e-06,-4.796e-06,7.721e-06,-2.302e-07,4.405e-06,4.586e-06,8.512e-06,-8.231e-06,1.204e-05,2.517e-06,-6.422e-06,2.345e-06,2.090e-05,-2.779e-05,8.174e-07,2.343e-05,-2.997e-05,-2.873e-05,6.541e-05,-4.476e-05,-3.070e-05,6.955e-05
1.240e-05,-1.095e-04,1.206e-04,-9.954e-05,-1.036e-04,2.098e-04,-8.980e-05,-2.659e-04,1.031e-04,2.583e-05,-2.559e-05,-1.381e-04,-2.032e-04,8.195e-05,2.776e-04,-2.276e-05,-4.774e-04,-7.048e-05,3.896e-04,-2.727e-05,9.410e-05,-2.336e-04,-8.475e-05,1.264e-04,-3.623e-05,4.186e-05,9.586e-05,-4.860e-05,5.717e-05,-3.483e-05,-2.147e-05,-6.768e-05,-1.829e-05,-5.354e-05,-1.071e-05,-7.930e-05,-4.674e-05,-5.889e-05,-1.101e-05,-5.716e-05,-2.388e-05,-3.920e-05,3.891e-06,-4.441e-05,-4.082e-05,-9.470e-05,-7.962e-05,-1.353e-04,-1.320e-04,-1.790e-04,-1.500e-04,-1.864e-04,-1.633e-04,-2.028e-04,-1.723e-04,-2.071e-04,-1.726e-04,-2.060e-04,-1.726e-04,-2.159e-04,-1.916e-04,-2.423e-04,-2.192e-04,-2.703e-04,-2.444e-04,-2.942e-04,-2.657e-04,-3.156e-04,-2.868e-04,-3.381e-04,-3.076e-04,-3.568e-04,-3.219e-04,-3.681e-04,-3.286e-04,-3.714e-04,-3.264e-04,-3.641e-04,-3.114e-04,-3.430e-04,-2.848e-04,-3.151e-04,-2.581e-04,-2.900e-04,-2.358e-04,-2.673e-04,-2.155e-04,-2.441e-04,-1.954e-04,-2.208e-04,-1.771e-04,-2.003e-04,-1.638e-04,-1.865e-04,-1.581e-04,-1.808e-04,-1.593e-04,-1.806e-04,-1.632e-04,-1.803e-04,-1.634e-04,-1.733e-04,-1.539e-04,-1.558e-04,-1.353e-04,-1.329e-04,-1.149e-04,-1.115e-04,-9.748e-05,-9.344e-05,-8.218e-05,-7.670e-05,-6.741e-05,-6.061e-05,-5.325e-05,-4.531e-05,-3.956e-05,-3.071e-05,-2.753e-05,-2.024e-05,-2.271e-05,-1.976e-05,-2.875e-05,-2.897e-05,-4.128e-05,-4.097e-05,-5.281e-05,-4.949e-05,-5.908e-05,-5.268e-05,-6.039e-05,-5.273e-05,-5.998e-05,-5.313e-05,-6.073e-05,-5.585e-05,-6.359e-05,-6.084e-05,-6.751e-05,-6.598e-05,-6.947e-05,-6.751e-05,-6.576e-05,-6.256e-05,-5.561e-05,-5.294e-05,-4.384e-05,-4.541e-05,-3.776e-05,-4.555e-05,-3.988e-05,-5.206e-05,-4.618e-05,-5.960e-05,-5.126e-05,-6.367e-05,-5.224e-05,-6.285e-05,-4.875e-05,-5.813e-05,-4.239e-05,-5.104e-05,-3.534e-05,-4.412e-05,-2.863e-05,-3.785e-05,-2.240e-05,-2.967e-05,-1.423e-05,-2.136e-05,-5.825e-06,-1.489e-05,-3.469e-06,-1.229e-05,-1.865e-06,-1.330e-05,2.807e-07,-6.936e-06,4.738e-06,-1.978e-06,1.505e-05,3.942e-06,1.468e-05,8.729e-06,2.389e-05,1.146e-06,1.993e-05,1.614e-05,8.889e-06,-1.305e-05,3.226e-05,-1.717e-05,-2.457e-05,3.009e-05,9.615e-06,-7.798e-05,7.212e-05,-2.230e-07
-1.139e-04,9.830e-06,1.022e-04,-1.880e-04,1.526e-04,3.770e-05,-3.137e-04,1.320e-04,2.016e-04,-2.388e-04,-8.865e-05,-1.347e-04,9.429e-05,2.550e-04,-3.694e-04,-4.466e-04,2.723e-04,2.364e-04,3.260e-04,-3.693e-04,-3.580e-04,1.779e-04,3.289e-05,8.992e-05,8.650e-05,-7.732e-05,1.380e-04,-2.560e-05,-6.538e-05,-7.111e-05,1.797e-05,-4.553e-05,-2.611e-05,-9.211e-05,-4.921e-05,-7.482e-05,-6.643e-05,-1.511e-04,-1.143e-04,-1.536e-04,-1.533e-04,-2.571e-04,-2.877e-04,-3.963e-04,-4.367e-04,-5.626e-04,-5.943e-04,-6.717e-04,-6.528e-04,-7.095e-04,-6.771e-04,-7.145e-04,-6.691e-04,-7.121e-04,-6.723e-04,-7.159e-04,-6.719e-04,-7.179e-04,-6.809e-04,-7.395e-04,-7.121e-04,-7.763e-04,-7.485e-04,-8.107e-04,-7.788e-04,-8.370e-04,-8.005e-04,-8.559e-04,-8.173e-04,-8.710e-04,-8.289e-04,-8.776e-04,-8.285e-04,-8.697e-04,-8.120e-04,-8.454e-04,-7.789e-04,-8.038e-04,-7.282e-04,-7.467e-04,-6.673e-04,-6.860e-04,-6.095e-04,-6.309e-04,-5.583e-04,-5.793e-04,-5.096e-04,-5.272e-04,-4.611e-04,-4.750e-04,-4.143e-04,-4.256e-04,-3.724e-04,-3.832e-04,-3.388e-04,-3.502e-04,-3.141e-04,-3.257e-04,-2.958e-04,-3.055e-04,-2.784e-04,-2.833e-04,-2.563e-04,-2.559e-04,-2.299e-04,-2.270e-04,-2.041e-04,-2.000e-04,-1.794e-04,-1.728e-04,-1.527e-04,-1.436e-04,-1.247e-04,-1.151e-04,-9.920e-05,-9.073e-05,-7.849e-05,-7.191e-05,-6.415e-05,-6.118e-05,-5.982e-05,-6.193e-05,-6.683e-05,-7.216e-05,-7.976e-05,-8.425e-05,-9.052e-05,-9.151e-05,-9.486e-05,-9.271e-05,-9.422e-05,-9.150e-05,-9.330e-05,-9.254e-05,-9.565e-05,-9.771e-05,-1.013e-04,-1.055e-04,-1.075e-04,-1.118e-04,-1.094e-04,-1.117e-04,-1.027e-04,-1.021e-04,-8.705e-05,-8.599e-05,-6.898e-05,-7.222e-05,-5.812e-05,-6.861e-05,-5.870e-05,-7.481e-05,-6.645e-05,-8.430e-05,-7.433e-05,-9.085e-05,-7.773e-05,-9.181e-05,-7.532e-05,-8.714e-05,-6.829e-05,-7.855e-05,-5.882e-05,-6.933e-05,-4.946e-05,-6.027e-05,-4.072e-05,-5.031e-05,-3.008e-05,-4.087e-05,-2.099e-05,-3.291e-05,-1.658e-05,-2.853e-05,-1.104e-05,-2.585e-05,-5.301e-06,-1.643e-05,-2.957e-07,-1.025e-05,1.164e-05,-9.655e-06,1.252e-05,2.303e-06,1.119e-05,-7.028e-06,2.932e-05,-7.749e-06,8.234e-07,7.251e-06,1.502e-05,-4.830e-05,3.197e-05,1.744e-05,-4.920e-05,8.035e-07,8.431e-05,-1.171e-04
-9.425e-05,1.323e-04,-6.638e-05,-7.589e-05,1.920e-04,-3.180e-04,4.232e-05,3.343e-04,-3.776e-04,-2.709e-04,1.886e-04,-1.726e-07,7.867e-05,-3.604e-04,-2.549e-04,2.018e-04,7.448e-04,-2.901e-04,-7.869e-04,7.478e-05,1.524e-04,3.795e-04,1.687e-04,-3.066e-04,2.514e-05,-1.294e-04,-8.642e-05,2.405e-05,6.570e-05,-2.621e-05,-1.315e-05,-7.760e-05,-3.799e-05,-1.453e-04,-2.314e-04,-3.747e-04,-3.872e-04,-5.425e-04,-6.686e-04,-9.137e-04,-1.070e-03,-1.359e-03,-1.579e-03,-1.885e-03,-2.033e-03,-2.215e-03,-2.247e-03,-2.336e-03,-2.272e-03,-2.280e-03,-2.178e-03,-2.182e-03,-2.081e-03,-2.093e-03,-2.007e-03,-2.035e-03,-1.961e-03,-2.004e-03,-1.948e-03,-2.008e-03,-1.964e-03,-2.030e-03,-1.987e-03,-2.049e-03,-2.002e-03,-2.059e-03,-2.006e-03,-2.055e-03,-1.996e-03,-2.036e-03,-1.966e-03,-1.993e-03,-1.908e-03,-1.918e-03,-1.817e-03,-1.812e-03,-1.698e-03,-1.680e-03,-1.558e-03,-1.535e-03,-1.412e-03,-1.391e-03,-1.274e-03,-1.258e-03,-1.147e-03,-1.131e-03,-1.025e-03,-1.008e-03,-9.093e-04,-8.920e-04,-8.037e-04,-7.896e-04,-7.150e-04,-7.066e-04,-6.465e-04,-6.439e-04,-5.955e-04,-5.955e-04,-5.536e-04,-5.512e-04,-5.098e-04,-5.008e-04,-4.572e-04,-4.425e-04,-3.999e-04,-3.844e-04,-3.459e-04,-3.313e-04,-2.959e-04,-2.808e-04,-2.470e-04,-2.317e-04,-2.007e-04,-1.878e-04,-1.619e-04,-1.536e-04,-1.338e-04,-1.309e-04,-1.177e-04,-1.212e-04,-1.154e-04,-1.253e-04,-1.258e-04,-1.394e-04,-1.422e-04,-1.551e-04,-1.562e-04,-1.657e-04,-1.634e-04,-1.695e-04,-1.645e-04,-1.693e-04,-1.633e-04,-1.688e-04,-1.626e-04,-1.697e-04,-1.630e-04,-1.715e-04,-1.630e-04,-1.718e-04,-1.597e-04,-1.673e-04,-1.502e-04,-1.562e-04,-1.349e-04,-1.414e-04,-1.194e-04,-1.298e-04,-1.108e-04,-1.269e-04,-1.112e-04,-1.306e-04,-1.151e-04,-1.340e-04,-1.161e-04,-1.327e-04,-1.118e-04,-1.264e-04,-1.033e-04,-1.165e-04,-9.229e-05,-1.052e-04,-8.046e-05,-9.425e-05,-6.993e-05,-8.367e-05,-5.862e-05,-7.235e-05,-4.579e-05,-6.005e-05,-3.570e-05,-5.156e-05,-2.760e-05,-4.597e-05,-2.099e-05,-3.688e-05,-1.080e-05,-2.691e-05,2.747e-06,-1.342e-05,1.328e-05,-4.782e-06,2.696e-05,1.815e-06,2.682e-05,1.111e-05,3.513e-05,-8.794e-06,3.323e-05,2.504e-06,-2.887e-06,-1.336e-05,4.913e-05,-5.163e-05,-1.429e-06,5.390e-05,-3.540e-05,-9.500e-05
1.366e-04,6.459e-05,-1.902e-04,1.233e-04,2.596e-05,-2.286e-04,3.946e-04,-2.752e-04,-4.200e-04,4.832e-04,8.138e-05,-3.262e-04,-1.827e-04,-4.812e-04,6.625e-04,2.771e-04,-8.589e-04,-3.561e-04,8.494e-05,8.645e-04,5.806e-04,-5.781e-04,-3.275e-04,-4.496e-04,-1.414e-04,1.686e-04,7.874e-05,-4.703e-05,-2.243e-05,-2.068e-04,-3.557e-04,-6.632e-04,-8.953e-04,-1.177e-03,-1.338e-03,-1.743e-03,-2.084e-03,-2.560e-03,-2.970e-03,-3.624e-03,-4.206e-03,-4.894e-03,-5.357e-03,-5.838e-03,-6.054e-03,-6.250e-03,-6.166e-03,-6.125e-03,-5.894e-03,-5.764e-03,-5.488e-03,-5.359e-03,-5.117e-03,-5.031e-03,-4.834e-03,-4.793e-03,-4.640e-03,-4.634e-03,-4.516e-03,-4.537e-03,-4.440e-03,-4.471e-03,-4.381e-03,-4.411e-03,-4.322e-03,-4.346e-03,-4.251e-03,-4.260e-03,-4.150e-03,-4.139e-03,-4.007e-03,-3.968e-03,-3.809e-03,-3.743e-03,-3.561e-03,-3.473e-03,-3.277e-03,-3.177e-03,-2.977e-03,-2.877e-03,-2.683e-03,-2.590e-03,-2.408e-03,-2.322e-03,-2.151e-03,-2.069e-03,-1.908e-03,-1.829e-03,-1.681e-03,-1.609e-03,-1.477e-03,-1.415e-03,-1.302e-03,-1.251e-03,-1.156e-03,-1.116e-03,-1.036e-03,-1.003e-03,-9.320e-04,-9.004e-04,-8.334e-04,-8.008e-04,-7.366e-04,-7.050e-04,-6.461e-04,-6.181e-04,-5.641e-04,-5.378e-04,-4.849e-04,-4.579e-04,-4.054e-04,-3.800e-04,-3.319e-04,-3.135e-04,-2.744e-04,-2.663e-04,-2.376e-04,-2.402e-04,-2.213e-04,-2.335e-04,-2.228e-04,-2.422e-04,-2.366e-04,-2.590e-04,-2.541e-04,-2.749e-04,-2.666e-04,-2.831e-04,-2.705e-04,-2.835e-04,-2.680e-04,-2.803e-04,-2.643e-04,-2.779e-04,-2.622e-04,-2.777e-04,-2.614e-04,-2.776e-04,-2.588e-04,-2.740e-04,-2.506e-04,-2.634e-04,-2.344e-04,-2.445e-04,-2.115e-04,-2.215e-04,-1.887e-04,-2.026e-04,-1.744e-04,-1.944e-04,-1.712e-04,-1.950e-04,-1.735e-04,-1.969e-04,-1.736e-04,-1.943e-04,-1.681e-04,-1.859e-04,-1.570e-04,-1.725e-04,-1.414e-04,-1.561e-04,-1.239e-04,-1.389e-04,-1.071e-04,-1.227e-04,-8.950e-05,-1.058e-04,-7.196e-05,-8.890e-05,-5.731e-05,-7.722e-05,-4.466e-05,-6.682e-05,-3.363e-05,-5.243e-05,-1.903e-05,-4.007e-05,-1.613e-06,-2.699e-05,6.381e-06,-1.409e-05,1.841e-05,-1.525e-05,2.935e-05,-1.965e-06,1.934e-05,-6.042e-06,3.901e-05,-3.076e-05,1.466e-05,1.307e-05,1.024e-05,-4.923e-05,8.028e-05,-1.849e-05,-6.945e-05,5.605e-05
2.210e-04,-2.138e-04,-1.460e-05,1.974e-04,-2.052e-04,7.677e-05,1.153e-04,-6.087e-04,5.322e-04,2.626e-04,-8.958e-04,-1.664e-04,1.570e-04,2.956e-04,1.460e-04,-6.521e-04,-7.089e-04,8.919e-04,1.356e-03,-6.665e-04,-7.273e-04,-9.082e-04,-2.204e-04,2.982e-04,-1.957e-04,-5.137e-04,-7.229e-04,-1.460e-03,-2.172e-03,-2.977e-03,-3.473e-03,-3.994e-03,-4.429e-03,-5.147e-03,-5.649e-03,-6.330e-03,-6.982e-03,-8.014e-03,-8.981e-03,-1.017e-02,-1.114e-02,-1.217e-02,-1.279e-02,-1.331e-02,-1.335e-02,-1.335e-02,-1.298e-02,-1.266e-02,-1.210e-02,-1.169e-02,-1.112e-02,-1.076e-02,-1.027e-02,-9.997e-03,-9.610e-03,-9.421e-03,-9.119e-03,-8.996e-03,-8.755e-03,-8.677e-03,-8.478e-03,-8.425e-03,-8.251e-03,-8.209e-03,-8.047e-03,-7.999e-03,-7.829e-03,-7.757e-03,-7.560e-03,-7.449e-03,-7.211e-03,-7.055e-03,-6.776e-03,-6.579e-03,-6.270e-03,-6.047e-03,-5.725e-03,-5.493e-03,-5.175e-03,-4.948e-03,-4.644e-03,-4.430e-03,-4.143e-03,-3.941e-03,-3.672e-03,-3.480e-03,-3.231e-03,-3.052e-03,-2.827e-03,-2.668e-03,-2.472e-03,-2.336e-03,-2.170e-03,-2.059e-03,-1.919e-03,-1.828e-03,-1.709e-03,-1.630e-03,-1.521e-03,-1.447e-03,-1.343e-03,-1.272e-03,-1.173e-03,-1.108e-03,-1.017e-03,-9.604e-04,-8.755e-04,-8.243e-04,-7.425e-04,-6.956e-04,-6.181e-04,-5.799e-04,-5.127e-04,-4.895e-04,-4.374e-04,-4.321e-04,-3.954e-04,-4.064e-04,-3.826e-04,-4.061e-04,-3.908e-04,-4.217e-04,-4.101e-04,-4.430e-04,-4.301e-04,-4.604e-04,-4.428e-04,-4.684e-04,-4.456e-04,-4.671e-04,-4.405e-04,-4.600e-04,-4.313e-04,-4.505e-04,-4.205e-04,-4.399e-04,-4.081e-04,-4.274e-04,-3.931e-04,-4.117e-04,-3.744e-04,-3.917e-04,-3.514e-04,-3.676e-04,-3.257e-04,-3.426e-04,-3.024e-04,-3.223e-04,-2.865e-04,-3.101e-04,-2.780e-04,-3.026e-04,-2.707e-04,-2.927e-04,-2.585e-04,-2.771e-04,-2.405e-04,-2.567e-04,-2.186e-04,-2.337e-04,-1.945e-04,-2.097e-04,-1.706e-04,-1.868e-04,-1.477e-04,-1.653e-04,-1.248e-04,-1.422e-04,-1.017e-04,-1.212e-04,-8.146e-05,-1.048e-04,-6.580e-05,-8.921e-05,-4.844e-05,-7.157e-05,-2.755e-05,-5.015e-05,-6.189e-06,-3.234e-05,1.316e-05,-1.502e-05,2.513e-05,-4.323e-06,4.240e-05,-3.347e-06,3.939e-05,6.855e-06,3.056e-05,-2.458e-05,4.884e-05,-1.753e-05,3.360e-07,1.049e-05,4.935e-05,-9.797e-05,4.492e-05,5.666e-05
-1.802e-05,-2.488e-04,3.352e-04,-5.381e-05,-2.386e-04,2.839e-04,-2.069e-04,-2.593e-05,5.964e-04,-1.049e-03,-1.863e-04,9.405e-04,-2.272e-04,-8.607e-05,-1.393e-03,-4.812e-04,1.957e-03,2.000e-04,-5.527e-04,-1.481e-03,-4.246e-04,6.543e-04,-3.499e-04,-1.451e-03,-3.080e-03,-5.649e-03,-7.760e-03,-9.718e-03,-1.095e-02,-1.198e-02,-1.268e-02,-1.352e-02,-1.383e-02,-1.434e-02,-1.482e-02,-1.574e-02,-1.656e-02,-1.787e-02,-1.910e-02,-2.060e-02,-2.166e-02,-2.266e-02,-2.307e-02,-2.334e-02,-2.303e-02,-2.267e-02,-2.190e-02,-2.123e-02,-2.029e-02,-1.956e-02,-1.867e-02,-1.802e-02,-1.726e-02,-1.674e-02,-1.612e-02,-1.573e-02,-1.523e-02,-1.493e-02,-1.452e-02,-1.429e-02,-1.396e-02,-1.379e-02,-1.350e-02,-1.335e-02,-1.309e-02,-1.293e-02,-1.266e-02,-1.246e-02,-1.214e-02,-1.189e-02,-1.151e-02,-1.119e-02,-1.076e-02,-1.039e-02,-9.922e-03,-9.526e-03,-9.049e-03,-8.648e-03,-8.181e-03,-7.790e-03,-7.345e-03,-6.969e-03,-6.548e-03,-6.190e-03,-5.795e-03,-5.458e-03,-5.094e-03,-4.784e-03,-4.459e-03,-4.183e-03,-3.898e-03,-3.660e-03,-3.413e-03,-3.210e-03,-2.997e-03,-2.822e-03,-2.633e-03,-2.479e-03,-2.306e-03,-2.168e-03,-2.010e-03,-1.888e-03,-1.745e-03,-1.640e-03,-1.511e-03,-1.422e-03,-1.301e-03,-1.221e-03,-1.105e-03,-1.034e-03,-9.275e-04,-8.745e-04,-7.869e-04,-7.597e-04,-6.958e-04,-6.956e-04,-6.534e-04,-6.752e-04,-6.482e-04,-6.840e-04,-6.644e-04,-7.060e-04,-6.868e-04,-7.276e-04,-7.039e-04,-7.398e-04,-7.092e-04,-7.389e-04,-7.018e-04,-7.268e-04,-6.855e-04,-7.085e-04,-6.653e-04,-6.879e-04,-6.435e-04,-6.659e-04,-6.197e-04,-6.412e-04,-5.925e-04,-6.124e-04,-5.608e-04,-5.787e-04,-5.248e-04,-5.412e-04,-4.870e-04,-5.037e-04,-4.525e-04,-4.720e-04,-4.262e-04,-4.490e-04,-4.081e-04,-4.318e-04,-3.921e-04,-4.132e-04,-3.719e-04,-3.892e-04,-3.456e-04,-3.599e-04,-3.142e-04,-3.268e-04,-2.797e-04,-2.915e-04,-2.440e-04,-2.572e-04,-2.092e-04,-2.239e-04,-1.754e-04,-1.904e-04,-1.420e-04,-1.608e-04,-1.133e-04,-1.357e-04,-9.031e-05,-1.129e-04,-6.544e-05,-8.997e-05,-3.915e-05,-6.407e-05,-1.759e-05,-4.435e-05,4.143e-06,-3.230e-05,1.657e-05,-1.478e-05,2.561e-05,-1.545e-05,4.252e-05,-1.396e-05,1.974e-05,-5.346e-06,4.140e-05,-4.275e-05,4.989e-05,1.734e-05,-1.407e-05,-3.192e-05,1.122e-04,-9.391e-05
-1.849e-04,1.028e-04,2.347e-04,-4.112e-04,1.900e-04,1.886e-04,-3.320e-04,3.907e-04,-4.103e-04,-6.756e-04,1.571e-03,-5.436e-04,-1.708e-03,-2.700e-04,5.466e-04,1.434e-03,7.899e-04,-2.571e-03,-2.201e-03,8.318e-04,4.576e-04,-1.828e-03,-6.642e-03,-1.298e-02,-1.777e-02,-2.204e-02,-2.515e-02,-2.764e-02,-2.892e-02,-2.961e-02,-2.918e-02,-2.897e-02,-2.840e-02,-2.812e-02,-2.765e-02,-2.797e-02,-2.846e-02,-2.957e-02,-3.048e-02,-3.164e-02,-3.232e-02,-3.298e-02,-3.296e-02,-3.287e-02,-3.223e-02,-3.161e-02,-3.057e-02,-2.969e-02,-2.855e-02,-2.763e-02,-2.653e-02,-2.569e-02,-2.474e-02,-2.402e-02,-2.321e-02,-2.263e-02,-2.197e-02,-2.150e-02,-2.096e-02,-2.059e-02,-2.016e-02,-1.986e-02,-1.949e-02,-1.923e-02,-1.887e-02,-1.860e-02,-1.822e-02,-1.789e-02,-1.744e-02,-1.704e-02,-1.652e-02,-1.604e-02,-1.546e-02,-1.492e-02,-1.430e-02,-1.372e-02,-1.309e-02,-1.251e-02,-1.188e-02,-1.130e-02,-1.070e-02,-1.014e-02,-9.558e-03,-9.015e-03,-8.472e-03,-7.960e-03,-7.460e-03,-6.991e-03,-6.541e-03,-6.124e-03,-5.726e-03,-5.362e-03,-5.014e-03,-4.698e-03,-4.391e-03,-4.116e-03,-3.840e-03,-3.596e-03,-3.345e-03,-3.128e-03,-2.900e-03,-2.711e-03,-2.506e-03,-2.343e-03,-2.157e-03,-2.016e-03,-1.843e-03,-1.721e-03,-1.563e-03,-1.464e-03,-1.329e-03,-1.264e-03,-1.162e-03,-1.136e-03,-1.067e-03,-1.076e-03,-1.034e-03,-1.068e-03,-1.040e-03,-1.087e-03,-1.064e-03,-1.113e-03,-1.086e-03,-1.130e-03,-1.095e-03,-1.133e-03,-1.089e-03,-1.119e-03,-1.068e-03,-1.092e-03,-1.035e-03,-1.056e-03,-9.956e-04,-1.013e-03,-9.509e-04,-9.671e-04,-9.026e-04,-9.178e-04,-8.523e-04,-8.671e-04,-8.017e-04,-8.163e-04,-7.519e-04,-7.666e-04,-7.046e-04,-7.200e-04,-6.620e-04,-6.785e-04,-6.251e-04,-6.419e-04,-5.915e-04,-6.064e-04,-5.559e-04,-5.668e-04,-5.146e-04,-5.217e-04,-4.681e-04,-4.734e-04,-4.191e-04,-4.238e-04,-3.696e-04,-3.750e-04,-3.210e-04,-3.287e-04,-2.753e-04,-2.843e-04,-2.307e-04,-2.413e-04,-1.876e-04,-2.022e-04,-1.512e-04,-1.694e-04,-1.195e-04,-1.399e-04,-8.829e-05,-1.083e-04,-5.495e-05,-7.685e-05,-2.413e-05,-4.832e-05,1.455e-06,-2.879e-05,2.411e-05,-1.208e-05,3.321e-05,-1.926e-07,4.415e-05,-1.547e-05,4.092e-05,-4.021e-06,1.952e-05,-1.511e-05,6.532e-05,-4.386e-05,6.880e-06,3.446e-05,3.832e-06,-1.192e-04
4.208e-05,2.551e-04,-2.260e-04,-1.761e-04,5.957e-04,-3.531e-04,-1.624e-04,4.261e-04,-5.176e-04,7.258e-04,3.048e-05,-2.439e-03,1.118e-03,8.869e-04,6.462e-04,-1.410e-03,-4.595e-03,-1.455e-04,1.856e-03,-1.238e-03,-1.157e-02,-2.370e-02,-3.130e-02,-3.759e-02,-4.229e-02,-4.662e-02,-4.899e-02,-4.990e-02,-4.894e-02,-4.829e-02,-4.636e-02,-4.413e-02,-4.146e-02,-3.973e-02,-3.816e-02,-3.755e-02,-3.722e-02,-3.767e-02,-3.800e-02,-3.865e-02,-3.882e-02,-3.911e-02,-3.888e-02,-3.868e-02,-3.801e-02,-3.743e-02,-3.650e-02,-3.568e-02,-3.464e-02,-3.376e-02,-3.272e-02,-3.186e-02,-3.091e-02,-3.014e-02,-2.931e-02,-2.865e-02,-2.796e-02,-2.742e-02,-2.686e-02,-2.643e-02,-2.598e-02,-2.562e-02,-2.521e-02,-2.488e-02,-2.447e-02,-2.411e-02,-2.366e-02,-2.322e-02,-2.270e-02,-2.219e-02,-2.158e-02,-2.098e-02,-2.031e-02,-1.964e-02,-1.891e-02,-1.819e-02,-1.744e-02,-1.670e-02,-1.594e-02,-1.520e-02,-1.445e-02,-1.371e-02,-1.299e-02,-1.227e-02,-1.158e-02,-1.090e-02,-1.026e-02,-9.625e-03,-9.040e-03,-8.469e-03,-7.940e-03,-7.429e-03,-6.951e-03,-6.496e-03,-6.065e-03,-5.661e-03,-5.271e-03,-4.913e-03,-4.563e-03,-4.251e-03,-3.940e-03,-3.674e-03,-3.399e-03,-3.172e-03,-2.925e-03,-2.730e-03,-2.507e-03,-2.344e-03,-2.149e-03,-2.027e-03,-1.872e-03,-1.801e-03,-1.693e-03,-1.673e-03,-1.607e-03,-1.627e-03,-1.588e-03,-1.632e-03,-1.604e-03,-1.656e-03,-1.627e-03,-1.674e-03,-1.636e-03,-1.674e-03,-1.625e-03,-1.653e-03,-1.593e-03,-1.612e-03,-1.543e-03,-1.555e-03,-1.481e-03,-1.489e-03,-1.411e-03,-1.416e-03,-1.337e-03,-1.341e-03,-1.261e-03,-1.265e-03,-1.185e-03,-1.189e-03,-1.111e-03,-1.114e-03,-1.039e-03,-1.042e-03,-9.712e-04,-9.747e-04,-9.085e-04,-9.126e-04,-8.516e-04,-8.556e-04,-7.981e-04,-8.003e-04,-7.437e-04,-7.424e-04,-6.847e-04,-6.801e-04,-6.213e-04,-6.147e-04,-5.552e-04,-5.477e-04,-4.878e-04,-4.811e-04,-4.215e-04,-4.168e-04,-3.585e-04,-3.559e-04,-2.975e-04,-2.978e-04,-2.406e-04,-2.450e-04,-1.916e-04,-2.008e-04,-1.488e-04,-1.618e-04,-1.099e-04,-1.227e-04,-7.219e-05,-8.876e-05,-3.779e-05,-6.073e-05,-1.476e-05,-3.800e-05,6.356e-06,-2.773e-05,2.273e-05,-1.175e-05,2.098e-05,-1.451e-05,3.889e-05,-2.544e-05,2.527e-05,1.492e-05,3.040e-05,-4.195e-05,7.644e-05,-1.120e-05,-5.455e-05,3.520e-05
2.083e-04,-9.417e-05,-2.102e-04,3.694e-04,7.828e-05,-5.946e-04,6.178e-04,2.109e-05,-2.334e-04,5.933e-04,-1.848e-03,6.393e-04,2.787e-03,-3.398e-03,-3.847e-03,5.219e-04,2.176e-03,-6.137e-04,-1.746e-02,-3.970e-02,-5.251e-02,-5.921e-02,-6.070e-02,-6.195e-02,-6.177e-02,-6.180e-02,-6.095e-02,-6.101e-02,-5.877e-02,-5.592e-02,-5.236e-02,-4.916e-02,-4.549e-02,-4.271e-02,-4.063e-02,-3.969e-02,-3.904e-02,-3.907e-02,-3.911e-02,-3.949e-02,-3.960e-02,-3.983e-02,-3.977e-02,-3.973e-02,-3.941e-02,-3.909e-02,-3.856e-02,-3.802e-02,-3.734e-02,-3.669e-02,-3.595e-02,-3.527e-02,-3.455e-02,-3.391e-02,-3.327e-02,-3.271e-02,-3.217e-02,-3.171e-02,-3.127e-02,-3.089e-02,-3.052e-02,-3.018e-02,-2.982e-02,-2.947e-02,-2.908e-02,-2.869e-02,-2.824e-02,-2.777e-02,-2.725e-02,-2.669e-02,-2.609e-02,-2.544e-02,-2.475e-02,-2.402e-02,-2.326e-02,-2.246e-02,-2.165e-02,-2.080e-02,-1.997e-02,-1.909e-02,-1.825e-02,-1.737e-02,-1.653e-02,-1.566e-02,-1.485e-02,-1.401e-02,-1.324e-02,-1.246e-02,-1.173e-02,-1.101e-02,-1.034e-02,-9.675e-03,-9.060e-03,-8.462e-03,-7.902e-03,-7.367e-03,-6.861e-03,-6.389e-03,-5.937e-03,-5.527e-03,-5.126e-03,-4.773e-03,-4.417e-03,-4.115e-03,-3.800e-03,-3.546e-03,-3.273e-03,-3.074e-03,-2.854e-03,-2.719e-03,-2.561e-03,-2.493e-03,-2.394e-03,-2.384e-03,-2.328e-03,-2.357e-03,-2.324e-03,-2.368e-03,-2.339e-03,-2.382e-03,-2.344e-03,-2.377e-03,-2.325e-03,-2.344e-03,-2.278e-03,-2.286e-03,-2.208e-03,-2.206e-03,-2.120e-03,-2.110e-03,-2.017e-03,-2.002e-03,-1.905e-03,-1.887e-03,-1.790e-03,-1.770e-03,-1.674e-03,-1.656e-03,-1.564e-03,-1.548e-03,-1.462e-03,-1.448e-03,-1.367e-03,-1.354e-03,-1.279e-03,-1.266e-03,-1.196e-03,-1.182e-03,-1.115e-03,-1.099e-03,-1.034e-03,-1.014e-03,-9.501e-04,-9.270e-04,-8.622e-04,-8.369e-04,-7.724e-04,-7.469e-04,-6.834e-04,-6.589e-04,-5.964e-04,-5.741e-04,-5.134e-04,-4.941e-04,-4.354e-04,-4.194e-04,-3.615e-04,-3.486e-04,-2.933e-04,-2.853e-04,-2.339e-04,-2.317e-04,-1.830e-04,-1.840e-04,-1.361e-04,-1.386e-04,-9.117e-05,-9.615e-05,-5.060e-05,-6.164e-05,-1.802e-05,-3.274e-05,4.808e-06,-1.473e-05,2.577e-05,-7.494e-06,2.687e-05,-2.155e-08,2.333e-05,-1.778e-05,4.281e-05,-5.333e-06,5.744e-06,7.542e-06,4.297e-05,-7.697e-05,2.881e-05,5.213e-05
3.771e-06,-2.404e-04,2.602e-04,2.420e-04,-5.598e-04,2.296e-04,8.672e-04,-9.765e-04,2.068e-04,4.723e-04,-2.730e-04,1.804e-03,-3.901e-03,-2.505e-03,2.791e-03,1.901e-03,-1.329e-02,-4.838e-02,-7.569e-02,-9.306e-02,-9.310e-02,-8.263e-02,-6.846e-02,-6.006e-02,-5.631e-02,-5.559e-02,-5.325e-02,-5.226e-02,-5.128e-02,-4.873e-02,-4.514e-02,-4.204e-02,-3.947e-02,-3.744e-02,-3.603e-02,-3.535e-02,-3.516e-02,-3.534e-02,-3.561e-02,-3.599e-02,-3.645e-02,-3.681e-02,-3.713e-02,-3.733e-02,-3.751e-02,-3.747e-02,-3.743e-02,-3.723e-02,-3.703e-02,-3.670e-02,-3.641e-02,-3.603e-02,-3.571e-02,-3.533e-02,-3.504e-02,-3.471e-02,-3.445e-02,-3.416e-02,-3.394e-02,-3.368e-02,-3.346e-02,-3.319e-02,-3.294e-02,-3.263e-02,-3.232e-02,-3.195e-02,-3.158e-02,-3.113e-02,-3.068e-02,-3.014e-02,-2.960e-02,-2.897e-02,-2.834e-02,-2.761e-02,-2.689e-02,-2.607e-02,-2.527e-02,-2.438e-02,-2.353e-02,-2.259e-02,-2.170e-02,-2.074e-02,-1.984e-02,-1.887e-02,-1.797e-02,-1.702e-02,-1.614e-02,-1.522e-02,-1.437e-02,-1.351e-02,-1.270e-02,-1.189e-02,-1.114e-02,-1.040e-02,-9.714e-03,-9.051e-03,-8.431e-03,-7.847e-03,-7.297e-03,-6.792e-03,-6.309e-03,-5.877e-03,-5.457e-03,-5.093e-03,-4.733e-03,-4.439e-03,-4.146e-03,-3.930e-03,-3.711e-03,-3.577e-03,-3.432e-03,-3.373e-03,-3.289e-03,-3.285e-03,-3.239e-03,-3.262e-03,-3.228e-03,-3.256e-03,-3.217e-03,-3.234e-03,-3.179e-03,-3.180e-03,-3.107e-03,-3.092e-03,-3.006e-03,-2.978e-03,-2.881e-03,-2.843e-03,-2.738e-03,-2.693e-03,-2.583e-03,-2.533e-03,-2.421e-03,-2.371e-03,-2.261e-03,-2.212e-03,-2.106e-03,-2.060e-03,-1.961e-03,-1.919e-03,-1.827e-03,-1.787e-03,-1.702e-03,-1.663e-03,-1.584e-03,-1.545e-03,-1.471e-03,-1.431e-03,-1.362e-03,-1.321e-03,-1.254e-03,-1.211e-03,-1.145e-03,-1.101e-03,-1.036e-03,-9.901e-04,-9.258e-04,-8.805e-04,-8.171e-04,-7.731e-04,-7.108e-04,-6.690e-04,-6.090e-04,-5.708e-04,-5.131e-04,-4.789e-04,-4.233e-04,-3.928e-04,-3.409e-04,-3.165e-04,-2.690e-04,-2.512e-04,-2.084e-04,-1.945e-04,-1.544e-04,-1.449e-04,-1.062e-04,-1.009e-04,-6.772e-05,-6.678e-05,-3.528e-05,-4.313e-05,-1.421e-05,-2.149e-05,8.054e-07,-1.661e-05,1.518e-05,-1.203e-05,3.109e-06,3.724e-07,2.943e-05,-2.118e-05,3.228e-05,2.464e-05,-1.895e-05,-2.089e-05,8.799e-05,-6.782e-05
-1.513e-04,1.038e-04,1.989e-04,-2.736e-04,-3.908e-05,6.888e-04,-3.561e-04,-5.285e-04,1.401e-03,-4.016e-04,4.522e-04,-6.329e-04,-3.339e-03,6.008e-03,-1.059e-04,-3.540e-02,-8.297e-02,-1.082e-01,-1.042e-01,nan,-7.438e-02,-5.803e-02,-4.743e-02,-3.635e-02,-2.940e-02,-3.186e-02,-3.544e-02,-3.487e-02,-3.431e-02,-3.369e-02,-3.251e-02,-3.073e-02,-2.981e-02,-2.920e-02,-2.907e-02,-2.904e-02,-2.951e-02,-2.994e-02,-3.066e-02,-3.116e-02,-3.195e-02,-3.245e-02,-3.314e-02,-3.350e-02,-3.406e-02,-3.430e-02,-3.468e-02,-3.479e-02,-3.504e-02,-3.505e-02,-3.520e-02,-3.517e-02,-3.527e-02,-3.520e-02,-3.527e-02,-3.520e-02,-3.523e-02,-3.514e-02,-3.513e-02,-3.500e-02,-3.494e-02,-3.475e-02,-3.462e-02,-3.438e-02,-3.418e-02,-3.386e-02,-3.359e-02,-3.319e-02,-3.283e-02,-3.235e-02,-3.190e-02,-3.132e-02,-3.077e-02,-3.008e-02,-2.944e-02,-2.865e-02,-2.791e-02,-2.703e-02,-2.621e-02,-2.526e-02,-2.438e-02,-2.339e-02,-2.246e-02,-2.144e-02,-2.048e-02,-1.946e-02,-1.850e-02,-1.749e-02,-1.654e-02,-1.557e-02,-1.466e-02,-1.375e-02,-1.290e-02,-1.206e-02,-1.128e-02,-1.052e-02,-9.824e-03,-9.157e-03,-8.538e-03,-7.959e-03,-7.419e-03,-6.926e-03,-6.464e-03,-6.059e-03,-5.681e-03,-5.369e-03,-5.082e-03,-4.867e-03,-4.670e-03,-4.544e-03,-4.424e-03,-4.367e-03,-4.299e-03,-4.283e-03,-4.239e-03,-4.236e-03,-4.191e-03,-4.180e-03,-4.120e-03,-4.092e-03,-4.013e-03,-3.967e-03,-3.871e-03,-3.810e-03,-3.702e-03,-3.630e-03,-3.514e-03,-3.434e-03,-3.312e-03,-3.225e-03,-3.100e-03,-3.011e-03,-2.887e-03,-2.799e-03,-2.680e-03,-2.596e-03,-2.485e-03,-2.407e-03,-2.307e-03,-2.235e-03,-2.143e-03,-2.075e-03,-1.991e-03,-1.925e-03,-1.848e-03,-1.781e-03,-1.708e-03,-1.641e-03,-1.571e-03,-1.502e-03,-1.433e-03,-1.364e-03,-1.296e-03,-1.227e-03,-1.161e-03,-1.093e-03,-1.029e-03,-9.633e-04,-9.027e-04,-8.395e-04,-7.817e-04,-7.222e-04,-6.675e-04,-6.129e-04,-5.617e-04,-5.115e-04,-4.636e-04,-4.181e-04,-3.744e-04,-3.356e-04,-2.973e-04,-2.649e-04,-2.315e-04,-2.039e-04,-1.734e-04,-1.494e-04,-1.211e-04,-1.015e-04,-7.692e-05,-6.132e-05,-4.098e-05,-3.242e-05,-1.308e-05,-1.088e-05,8.359e-07,6.554e-07,9.412e-06,-7.053e-06,9.876e-06,5.003e-06,1.763e-06,-2.684e-07,3.092e-05,-1.977e-05,-1.556e-05,2.959e-05,-1.191e-05,-7.536e-05
2.853e-05,2.531e-04,-2.424e-04,-1.130e-04,6.094e-04,-1.048e-04,-8.278e-04,1.379e-03,7.237e-04,-2.271e-03,1.828e-03,1.356e-03,1.951e-03,-3.676e-03,-2.489e-02,-1.001e-01,nan,nan,nan,nan,nan,nan,nan,-1.139e-02,-6.719e-03,-9.354e-03,-1.745e-02,-2.043e-02,-2.058e-02,-2.085e-02,-2.156e-02,-2.166e-02,-2.197e-02,-2.223e-02,-2.300e-02,-2.355e-02,-2.434e-02,-2.492e-02,-2.596e-02,-2.661e-02,-2.749e-02,-2.813e-02,-2.905e-02,-2.959e-02,-3.034e-02,-3.085e-02,-3.151e-02,-3.191e-02,-3.247e-02,-3.281e-02,-3.328e-02,-3.355e-02,-3.394e-02,-3.415e-02,-3.446e-02,-3.460e-02,-3.483e-02,-3.489e-02,-3.502e-02,-3.499e-02,-3.504e-02,-3.492e-02,-3.488e-02,-3.468e-02,-3.456e-02,-3.428e-02,-3.408e-02,-3.372e-02,-3.345e-02,-3.301e-02,-3.264e-02,-3.211e-02,-3.165e-02,-3.103e-02,-3.046e-02,-2.974e-02,-2.907e-02,-2.825e-02,-2.749e-02,-2.659e-02,-2.575e-02,-2.479e-02,-2.388e-02,-2.286e-02,-2.191e-02,-2.086e-02,-1.988e-02,-1.884e-02,-1.785e-02,-1.683e-02,-1.588e-02,-1.492e-02,-1.402e-02,-1.313e-02,-1.232e-02,-1.151e-02,-1.078e-02,-1.007e-02,-9.433e-03,-8.824e-03,-8.276e-03,-7.767e-03,-7.316e-03,-6.910e-03,-6.559e-03,-6.257e-03,-6.005e-03,-5.801e-03,-5.635e-03,-5.509e-03,-5.406e-03,-5.332e-03,-5.263e-03,-5.212e-03,-5.151e-03,-5.098e-03,-5.026e-03,-4.958e-03,-4.869e-03,-4.783e-03,-4.676e-03,-4.573e-03,-4.453e-03,-4.340e-03,-4.212e-03,-4.092e-03,-3.961e-03,-3.836e-03,-3.702e-03,-3.575e-03,-3.443e-03,-3.317e-03,-3.189e-03,-3.068e-03,-2.949e-03,-2.835e-03,-2.727e-03,-2.621e-03,-2.524e-03,-2.425e-03,-2.337e-03,-2.241e-03,-2.160e-03,-2.067e-03,-1.992e-03,-1.900e-03,-1.830e-03,-1.739e-03,-1.673e-03,-1.583e-03,-1.519e-03,-1.431e-03,-1.370e-03,-1.284e-03,-1.225e-03,-1.142e-03,-1.085e-03,-1.004e-03,-9.504e-04,-8.724e-04,-8.210e-04,-7.469e-04,-6.988e-04,-6.296e-04,-5.855e-04,-5.211e-04,-4.807e-04,-4.218e-04,-3.859e-04,-3.336e-04,-3.041e-04,-2.585e-04,-2.344e-04,-1.952e-04,-1.753e-04,-1.406e-04,-1.256e-04,-9.655e-05,-8.470e-05,-6.187e-05,-5.537e-05,-3.508e-05,-3.147e-05,-2.057e-05,-1.603e-05,-6.514e-06,-1.534e-05,-7.270e-06,5.253e-07,-7.821e-06,-4.399e-06,2.415e-05,2.633e-08,-2.129e-05,3.299e-05,7.895e-06,-7.165e-05,4.578e-05
1.181e-04,-7.025e-05,-1.205e-04,3.065e-04,3.453e-07,-3.004e-04,4.144e-04,7.757e-04,-1.074e-03,4.970e-04,2.603e-03,-1.113e-03,3.219e-03,-1.091e-02,-7.774e-02,nan,nan,nan,nan,nan,nan,nan,nan,nan,3.940e-03,1.415e-04,-5.986e-03,-1.087e-02,-1.277e-02,-1.355e-02,-1.463e-02,-1.570e-02,-1.665e-02,-1.726e-02,-1.821e-02,-1.897e-02,-1.994e-02,-2.063e-02,-2.162e-02,-2.238e-02,-2.334e-02,-2.408e-02,-2.503e-02,-2.575e-02,-2.662e-02,-2.731e-02,-2.813e-02,-2.874e-02,-2.947e-02,-3.002e-02,-3.067e-02,-3.113e-02,-3.168e-02,-3.203e-02,-3.248e-02,-3.271e-02,-3.303e-02,-3.315e-02,-3.335e-02,-3.334e-02,-3.343e-02,-3.331e-02,-3.331e-02,-3.310e-02,-3.302e-02,-3.273e-02,-3.257e-02,-3.222e-02,-3.198e-02,-3.156e-02,-3.125e-02,-3.076e-02,-3.037e-02,-2.980e-02,-2.932e-02,-2.867e-02,-2.810e-02,-2.737e-02,-2.671e-02,-2.591e-02,-2.516e-02,-2.428e-02,-2.346e-02,-2.252e-02,-2.164e-02,-2.066e-02,-1.974e-02,-1.875e-02,-1.783e-02,-1.685e-02,-1.596e-02,-1.503e-02,-1.419e-02,-1.333e-02,-1.256e-02,-1.178e-02,-1.110e-02,-1.041e-02,-9.812e-03,-9.225e-03,-8.722e-03,-8.237e-03,-7.835e-03,-7.454e-03,-7.152e-03,-6.871e-03,-6.658e-03,-6.460e-03,-6.316e-03,-6.175e-03,-6.073e-03,-5.963e-03,-5.877e-03,-5.773e-03,-5.684e-03,-5.571e-03,-5.468e-03,-5.340e-03,-5.222e-03,-5.080e-03,-4.950e-03,-4.798e-03,-4.661e-03,-4.505e-03,-4.367e-03,-4.209e-03,-4.072e-03,-3.914e-03,-3.779e-03,-3.623e-03,-3.493e-03,-3.342e-03,-3.220e-03,-3.076e-03,-2.966e-03,-2.833e-03,-2.735e-03,-2.612e-03,-2.526e-03,-2.410e-03,-2.332e-03,-2.221e-03,-2.149e-03,-2.040e-03,-1.973e-03,-1.867e-03,-1.804e-03,-1.700e-03,-1.639e-03,-1.537e-03,-1.479e-03,-1.380e-03,-1.325e-03,-1.229e-03,-1.178e-03,-1.086e-03,-1.038e-03,-9.500e-04,-9.050e-04,-8.215e-04,-7.797e-04,-7.008e-04,-6.628e-04,-5.890e-04,-5.554e-04,-4.867e-04,-4.570e-04,-3.937e-04,-3.691e-04,-3.121e-04,-2.931e-04,-2.426e-04,-2.286e-04,-1.832e-04,-1.729e-04,-1.315e-04,-1.246e-04,-8.730e-05,-8.368e-05,-5.160e-05,-5.105e-05,-2.289e-05,-2.781e-05,-4.999e-06,-1.145e-05,1.959e-06,-1.014e-05,4.983e-06,-1.134e-05,-9.457e-07,1.419e-06,6.274e-06,-2.110e-05,8.647e-06,-7.252e-07,-3.558e-05,-1.138e-05,3.839e-05
-2.737e-05,-2.074e-04,2.764e-04,1.676e-04,-5.826e-04,5.005e-04,7.633e-04,-1.143e-03,-5.314e-05,3.558e-03,-2.540e-03,-2.028e-03,9.804e-03,-2.423e-02,nan,nan,nan,nan,nan,nan,nan,nan,nan,nan,nan,3.407e-03,-1.388e-03,-5.951e-03,-8.201e-03,-9.449e-03,-1.048e-02,-1.136e-02,-1.240e-02,-1.318e-02,-1.400e-02,-1.468e-02,-1.566e-02,-1.636e-02,-1.719e-02,-1.798e-02,-1.895e-02,-1.967e-02,-2.058e-02,-2.139e-02,-2.230e-02,-2.302e-02,-2.389e-02,-2.459e-02,-2.537e-02,-2.597e-02,-2.668e-02,-2.718e-02,-2.777e-02,-2.813e-02,-2.860e-02,-2.882e-02,-2.914e-02,-2.922e-02,-2.940e-02,-2.934e-02,-2.940e-02,-2.923e-02,-2.918e-02,-2.893e-02,-2.880e-02,-2.848e-02,-2.828e-02,-2.791e-02,-2.766e-02,-2.725e-02,-2.695e-02,-2.650e-02,-2.616e-02,-2.566e-02,-2.527e-02,-2.473e-02,-2.428e-02,-2.369e-02,-2.319e-02,-2.254e-02,-2.196e-02,-2.126e-02,-2.062e-02,-1.986e-02,-1.916e-02,-1.836e-02,-1.762e-02,-1.680e-02,-1.605e-02,-1.523e-02,-1.450e-02,-1.372e-02,-1.302e-02,-1.229e-02,-1.165e-02,-1.098e-02,-1.041e-02,-9.827e-03,-9.336e-03,-8.834e-03,-8.428e-03,-8.014e-03,-7.693e-03,-7.365e-03,-7.123e-03,-6.869e-03,-6.691e-03,-6.494e-03,-6.359e-03,-6.195e-03,-6.081e-03,-5.931e-03,-5.821e-03,-5.670e-03,-5.554e-03,-5.393e-03,-5.267e-03,-5.097e-03,-4.962e-03,-4.785e-03,-4.646e-03,-4.467e-03,-4.328e-03,-4.151e-03,-4.016e-03,-3.844e-03,-3.714e-03,-3.546e-03,-3.423e-03,-3.261e-03,-3.146e-03,-2.993e-03,-2.888e-03,-2.745e-03,-2.653e-03,-2.521e-03,-2.441e-03,-2.319e-03,-2.248e-03,-2.132e-03,-2.067e-03,-1.956e-03,-1.896e-03,-1.788e-03,-1.732e-03,-1.629e-03,-1.577e-03,-1.477e-03,-1.429e-03,-1.333e-03,-1.289e-03,-1.197e-03,-1.155e-03,-1.067e-03,-1.028e-03,-9.436e-04,-9.071e-04,-8.260e-04,-7.917e-04,-7.140e-04,-6.820e-04,-6.079e-04,-5.792e-04,-5.094e-04,-4.842e-04,-4.191e-04,-3.975e-04,-3.369e-04,-3.198e-04,-2.646e-04,-2.523e-04,-2.029e-04,-1.954e-04,-1.507e-04,-1.475e-04,-1.077e-04,-1.078e-04,-7.248e-05,-7.747e-05,-4.579e-05,-5.270e-05,-2.696e-05,-3.693e-05,-1.100e-05,-2.668e-05,-8.897e-06,-1.866e-05,-4.996e-06,-2.576e-05,5.612e-06,-6.426e-06,-1.042e-05,-4.892e-06,2.567e-05,-4.267e-05,-1.112e-05,4.593e-05,-3.975e-05
-7.924e-05,6.053e-05,6.540e-05,-1.272e-04,6.593e-05,2.922e-04,-2.582e-04,1.083e-04,6.264e-04,4.721e-04,-1.474e-03,2.983e-03,1.580e-03,-3.294e-02,nan,nan,nan,nan,nan,nan,nan,nan,nan,nan,nan,5.307e-03,3.828e-04,-3.818e-03,-5.146e-03,-6.042e-03,-7.009e-03,-7.627e-03,-8.354e-03,-8.978e-03,-9.659e-03,-1.019e-02,-1.091e-02,-1.151e-02,-1.225e-02,-1.288e-02,-1.367e-02,-1.435e-02,-1.515e-02,-1.584e-02,-1.665e-02,-1.732e-02,-1.810e-02,-1.873e-02,-1.945e-02,-1.999e-02,-2.061e-02,-2.104e-02,-2.154e-02,-2.183e-02,-2.219e-02,-2.233e-02,-2.254e-02,-2.253e-02,-2.259e-02,-2.244e-02,-2.237e-02,-2.212e-02,-2.195e-02,-2.162e-02,-2.138e-02,-2.100e-02,-2.072e-02,-2.031e-02,-2.001e-02,-1.959e-02,-1.928e-02,-1.888e-02,-1.858e-02,-1.818e-02,-1.788e-02,-1.750e-02,-1.720e-02,-1.682e-02,-1.651e-02,-1.611e-02,-1.578e-02,-1.535e-02,-1.498e-02,-1.451e-02,-1.411e-02,-1.361e-02,-1.316e-02,-1.264e-02,-1.217e-02,-1.164e-02,-1.117e-02,-1.065e-02,-1.019e-02,-9.691e-03,-9.266e-03,-8.800e-03,-8.416e-03,-7.998e-03,-7.663e-03,-7.299e-03,-7.019e-03,-6.713e-03,-6.487e-03,-6.235e-03,-6.056e-03,-5.848e-03,-5.706e-03,-5.527e-03,-5.405e-03,-5.241e-03,-5.127e-03,-4.967e-03,-4.851e-03,-4.688e-03,-4.566e-03,-4.398e-03,-4.272e-03,-4.100e-03,-3.972e-03,-3.801e-03,-3.674e-03,-3.506e-03,-3.385e-03,-3.224e-03,-3.109e-03,-2.956e-03,-2.849e-03,-2.703e-03,-2.605e-03,-2.467e-03,-2.378e-03,-2.250e-03,-2.172e-03,-2.054e-03,-1.987e-03,-1.880e-03,-1.824e-03,-1.725e-03,-1.676e-03,-1.584e-03,-1.539e-03,-1.450e-03,-1.409e-03,-1.324e-03,-1.285e-03,-1.203e-03,-1.167e-03,-1.088e-03,-1.054e-03,-9.785e-04,-9.466e-04,-8.747e-04,-8.452e-04,-7.769e-04,-7.498e-04,-6.849e-04,-6.601e-04,-5.985e-04,-5.757e-04,-5.169e-04,-4.963e-04,-4.405e-04,-4.223e-04,-3.700e-04,-3.547e-04,-3.059e-04,-2.935e-04,-2.483e-04,-2.392e-04,-1.981e-04,-1.926e-04,-1.551e-04,-1.526e-04,-1.180e-04,-1.176e-04,-8.515e-05,-8.642e-05,-5.638e-05,-5.987e-05,-3.203e-05,-3.805e-05,-1.374e-05,-2.175e-05,-1.233e-06,-1.406e-05,3.412e-06,-1.226e-05,-5.077e-07,-1.338e-05,2.518e-06,-1.731e-05,-9.757e-07,-9.170e-06,-9.314e-06,-2.804e-05,5.891e-06,-2.479e-05,-2.984e-05
9.798e-06,2.218e-04,-2.715e-04,-9.596e-05,6.435e-04,-4.494e-04,-5.969e-04,1.782e-03,-7.611e-04,-1.897e-03,3.933e-03,5.081e-04,-9.403e-03,-1.916e-02,nan,nan,nan,nan,nan,nan,nan,nan,nan,nan,nan,4.223e-03,8.479e-04,-1.456e-03,-2.489e-03,-2.995e-03,-3.410e-03,-3.774e-03,-4.150e-03,-4.437e-03,-4.875e-03,-5.210e-03,-5.560e-03,-5.969e-03,-6.490e-03,-6.864e-03,-7.365e-03,-7.895e-03,-8.455e-03,-8.915e-03,-9.504e-03,-1.003e-02,-1.057e-02,-1.102e-02,-1.154e-02,-1.193e-02,-1.234e-02,-1.262e-02,-1.292e-02,-1.307e-02,-1.323e-02,-1.324e-02,-1.325e-02,-1.311e-02,-1.297e-02,-1.271e-02,-1.246e-02,-1.210e-02,-1.177e-02,-1.135e-02,-1.097e-02,-1.054e-02,-1.015e-02,-9.720e-03,-9.354e-03,-8.968e-03,-8.649e-03,-8.323e-03,-8.067e-03,-7.812e-03,-7.625e-03,-7.439e-03,-7.315e-03,-7.187e-03,-7.111e-03,-7.021e-03,-6.972e-03,-6.896e-03,-6.850e-03,-6.769e-03,-6.709e-03,-6.606e-03,-6.520e-03,-6.390e-03,-6.277e-03,-6.119e-03,-5.983e-03,-5.805e-03,-5.652e-03,-5.463e-03,-5.304e-03,-5.113e-03,-4.956e-03,-4.773e-03,-4.627e-03,-4.457e-03,-4.326e-03,-4.173e-03,-4.059e-03,-3.922e-03,-3.821e-03,-3.697e-03,-3.605e-03,-3.486e-03,-3.397e-03,-3.280e-03,-3.189e-03,-3.069e-03,-2.975e-03,-2.851e-03,-2.754e-03,-2.628e-03,-2.529e-03,-2.403e-03,-2.307e-03,-2.184e-03,-2.092e-03,-1.976e-03,-1.891e-03,-1.782e-03,-1.705e-03,-1.605e-03,-1.536e-03,-1.444e-03,-1.384e-03,-1.300e-03,-1.248e-03,-1.172e-03,-1.128e-03,-1.060e-03,-1.025e-03,-9.645e-04,-9.355e-04,-8.807e-04,-8.560e-04,-8.051e-04,-7.830e-04,-7.350e-04,-7.149e-04,-6.697e-04,-6.516e-04,-6.094e-04,-5.932e-04,-5.538e-04,-5.394e-04,-5.025e-04,-4.894e-04,-4.547e-04,-4.425e-04,-4.094e-04,-3.979e-04,-3.659e-04,-3.546e-04,-3.236e-04,-3.125e-04,-2.823e-04,-2.717e-04,-2.427e-04,-2.329e-04,-2.057e-04,-1.972e-04,-1.715e-04,-1.644e-04,-1.406e-04,-1.349e-04,-1.130e-04,-1.092e-04,-8.884e-05,-8.658e-05,-6.806e-05,-6.705e-05,-4.970e-05,-5.075e-05,-3.522e-05,-3.717e-05,-2.383e-05,-2.860e-05,-1.502e-05,-2.104e-05,-1.271e-05,-1.760e-05,-7.033e-06,-2.102e-05,-9.739e-06,-1.131e-05,-1.230e-05,-1.872e-05,9.751e-06,-1.768e-05,-2.555e-05,1.402e-05,5.567e-06,-7.124e-05,2.923e-05
-1.169e-05,-9.790e-06,-6.946e-06,-5.118e-06,-2.151e-06,-1.685e-06,1.635e-06,-8.087e-07,1.157e-06,1.582e-06,-1.983e-06,-2.627e-06,2.379e-05,nan,nan,nan,nan,nan,nan,nan,nan,nan,nan,nan,nan,nan,-4.892e-05,1.144e-04,1.767e-04,1.851e-04,2.283e-04,2.574e-04,2.705e-04,2.689e-04,2.513e-04,2.045e-04,1.300e-04,3.401e-05,-9.425e-05,-2.498e-04,-4.350e-04,-6.340e-04,-8.629e-04,-1.097e-03,-1.350e-03,-1.591e-03,-1.840e-03,-2.060e-03,-2.272e-03,-2.434e-03,-2.575e-03,-2.648e-03,-2.685e-03,-2.645e-03,-2.559e-03,-2.392e-03,-2.177e-03,-1.889e-03,-1.558e-03,-1.171e-03,-7.521e-04,-2.993e-04,1.699e-04,6.481e-04,1.127e-03,1.589e-03,2.037e-03,2.445e-03,2.826e-03,3.147e-03,3.432e-03,3.643e-03,3.814e-03,3.903e-03,3.955e-03,3.923e-03,3.861e-03,3.720e-03,3.562e-03,3.334e-03,3.103e-03,2.816e-03,2.542e-03,2.227e-03,1.939e-03,1.626e-03,1.351e-03,1.062e-03,8.200e-04,5.721e-04,3.722e-04,1.716e-04,1.701e-05,-1.367e-04,-2.489e-04,-3.607e-04,-4.366e-04,-5.134e-04,-5.603e-04,-6.095e-04,-6.340e-04,-6.618e-04,-6.691e-04,-6.801e-04,-6.736e-04,-6.705e-04,-6.524e-04,-6.370e-04,-6.087e-04,-5.828e-04,-5.462e-04,-5.121e-04,-4.696e-04,-4.299e-04,-3.844e-04,-3.423e-04,-2.967e-04,-2.550e-04,-2.119e-04,-1.730e-04,-1.344e-04,-9.993e-05,-6.701e-05,-3.794e-05,-1.125e-05,1.205e-05,3.248e-05,5.007e-05,6.455e-05,7.679e-05,8.593e-05,9.342e-05,9.801e-05,1.015e-04,1.025e-04,1.027e-04,1.010e-04,9.875e-05,9.513e-05,9.108e-05,8.635e-05,8.109e-05,7.593e-05,7.002e-05,6.496e-05,5.881e-05,5.422e-05,4.811e-05,4.413e-05,3.816e-05,3.480e-05,2.897e-05,2.620e-05,2.054e-05,1.838e-05,1.295e-05,1.144e-05,6.343e-06,5.522e-06,7.715e-07,5.841e-07,-3.896e-06,-3.622e-06,-8.005e-06,-7.511e-06,-1.198e-05,-1.147e-05,-1.607e-05,-1.553e-05,-1.998e-05,-1.904e-05,-2.274e-05,-2.084e-05,-2.316e-05,-1.989e-05,-2.056e-05,-1.603e-05,-1.538e-05,-1.029e-05,-9.154e-06,-4.548e-06,-3.912e-06,-7.179e-07,-1.225e-06,1.420e-07,-1.532e-06,-1.744e-06,-4.056e-06,-5.192e-06,-7.489e-06,-8.942e-06,-1.080e-05,-1.219e-05,-1.348e-05,-1.454e-05,-1.516e-05,-1.563e-05,-1.541e-05
-2.501e-05,-2.337e-04,2.651e-04,9.369e-05,-6.399e-04,4.535e-04,6.061e-04,-1.778e-03,7.638e-04,1.898e-03,-3.934e-03,-5.197e-04,9.444e-03,1.923e-02,nan,nan,nan,nan,nan,nan,nan,nan,nan,nan,nan,-4.535e-03,-8.678e-04,1.702e-03,2.837e-03,3.385e-03,3.883e-03,4.296e-03,4.708e-03,4.991e-03,5.391e-03,5.634e-03,5.847e-03,6.062e-03,6.333e-03,6.409e-03,6.558e-03,6.703e-03,6.828e-03,6.844e-03,6.957e-03,7.023e-03,7.099e-03,7.138e-03,7.260e-03,7.349e-03,7.501e-03,7.650e-03,7.885e-03,8.117e-03,8.437e-03,8.760e-03,9.169e-03,9.571e-03,1.005e-02,1.051e-02,1.103e-02,1.151e-02,1.204e-02,1.250e-02,1.299e-02,1.340e-02,1.382e-02,1.413e-02,1.445e-02,1.464e-02,1.483e-02,1.487e-02,1.491e-02,1.481e-02,1.470e-02,1.445e-02,1.420e-02,1.381e-02,1.344e-02,1.293e-02,1.246e-02,1.187e-02,1.132e-02,1.068e-02,1.010e-02,9.446e-03,8.870e-03,8.231e-03,7.687e-03,7.094e-03,6.604e-03,6.075e-03,5.650e-03,5.193e-03,4.837e-03,4.452e-03,4.164e-03,3.849e-03,3.623e-03,3.371e-03,3.201e-03,3.003e-03,2.879e-03,2.726e-03,2.641e-03,2.523e-03,2.465e-03,2.374e-03,2.336e-03,2.263e-03,2.237e-03,2.176e-03,2.157e-03,2.102e-03,2.086e-03,2.035e-03,2.018e-03,1.967e-03,1.948e-03,1.896e-03,1.874e-03,1.820e-03,1.794e-03,1.737e-03,1.709e-03,1.649e-03,1.617e-03,1.555e-03,1.519e-03,1.455e-03,1.418e-03,1.354e-03,1.317e-03,1.254e-03,1.219e-03,1.158e-03,1.125e-03,1.068e-03,1.036e-03,9.797e-04,9.493e-04,8.936e-04,8.641e-04,8.095e-04,7.811e-04,7.276e-04,7.005e-04,6.484e-04,6.227e-04,5.722e-04,5.484e-04,5.001e-04,4.786e-04,4.327e-04,4.142e-04,3.711e-04,3.554e-04,3.152e-04,3.022e-04,2.643e-04,2.539e-04,2.181e-04,2.098e-04,1.761e-04,1.699e-04,1.378e-04,1.336e-04,1.035e-04,1.014e-04,7.377e-05,7.456e-05,4.958e-05,5.314e-05,3.133e-05,3.713e-05,1.752e-05,2.566e-05,8.211e-06,1.660e-05,9.742e-07,1.076e-05,-5.852e-06,3.480e-06,-8.462e-06,-1.633e-06,-1.563e-05,-2.432e-07,-1.379e-05,-1.058e-05,-1.023e-05,-1.927e-06,-2.997e-05,-1.179e-06,7.105e-06,-3.234e-05,-2.412e-05,5.200e-05,-4.872e-05
5.713e-05,-7.881e-05,-7.898e-05,1.174e-04,-7.011e-05,-2.952e-04,2.581e-04,-1.066e-04,-6.237e-04,-4.776e-04,1.482e-03,-2.983e-03,-1.568e-03,3.297e-02,nan,nan,nan,nan,nan,nan,nan,nan,nan,nan,nan,-5.373e-03,-2.360e-04,4.092e-03,5.492e-03,6.478e-03,7.526e-03,8.181e-03,8.967e-03,9.581e-03,1.023e-02,1.067e-02,1.127e-02,1.168e-02,1.219e-02,1.254e-02,1.302e-02,1.334e-02,1.377e-02,1.407e-02,1.448e-02,1.476e-02,1.515e-02,1.544e-02,1.583e-02,1.613e-02,1.655e-02,1.689e-02,1.735e-02,1.773e-02,1.823e-02,1.865e-02,1.918e-02,1.962e-02,2.017e-02,2.062e-02,2.114e-02,2.156e-02,2.205e-02,2.240e-02,2.281e-02,2.308e-02,2.338e-02,2.352e-02,2.369e-02,2.370e-02,2.372e-02,2.357e-02,2.343e-02,2.313e-02,2.284e-02,2.238e-02,2.195e-02,2.136e-02,2.080e-02,2.009e-02,1.943e-02,1.863e-02,1.789e-02,1.703e-02,1.625e-02,1.537e-02,1.459e-02,1.372e-02,1.296e-02,1.214e-02,1.144e-02,1.069e-02,1.007e-02,9.400e-03,8.861e-03,8.287e-03,7.836e-03,7.353e-03,6.988e-03,6.591e-03,6.306e-03,5.987e-03,5.772e-03,5.519e-03,5.360e-03,5.159e-03,5.042e-03,4.878e-03,4.787e-03,4.646e-03,4.571e-03,4.442e-03,4.372e-03,4.248e-03,4.178e-03,4.054e-03,3.982e-03,3.856e-03,3.780e-03,3.652e-03,3.574e-03,3.445e-03,3.365e-03,3.237e-03,3.156e-03,3.028e-03,2.947e-03,2.820e-03,2.739e-03,2.613e-03,2.533e-03,2.411e-03,2.336e-03,2.220e-03,2.150e-03,2.042e-03,1.978e-03,1.876e-03,1.817e-03,1.719e-03,1.663e-03,1.569e-03,1.515e-03,1.424e-03,1.374e-03,1.286e-03,1.239e-03,1.155e-03,1.111e-03,1.030e-03,9.905e-04,9.132e-04,8.768e-04,8.029e-04,7.701e-04,6.997e-04,6.704e-04,6.033e-04,5.775e-04,5.134e-04,4.909e-04,4.299e-04,4.110e-04,3.532e-04,3.377e-04,2.826e-04,2.702e-04,2.179e-04,2.091e-04,1.604e-04,1.560e-04,1.119e-04,1.127e-04,7.360e-05,7.947e-05,4.551e-05,5.594e-05,2.674e-05,4.090e-05,1.468e-05,3.079e-05,7.020e-06,2.262e-05,3.236e-07,1.732e-05,-4.301e-06,1.247e-05,-4.726e-06,7.318e-06,-1.399e-05,4.132e-06,-1.677e-05,-1.058e-05,-1.377e-05,3.044e-06,-3.282e-05,-3.125e-06,1.881e-06
1.465e-05,1.986e-04,-2.815e-04,-1.688e-04,5.861e-04,-4.935e-04,-7.585e-04,1.147e-03,6.231e-05,-3.567e-03,2.540e-03,2.036e-03,-9.816e-03,2.424e-02,nan,nan,nan,nan,nan,nan,nan,nan,nan,nan,nan,-3.460e-03,1.615e-03,6.251e-03,8.597e-03,9.946e-03,1.107e-02,1.200e-02,1.312e-02,1.389e-02,1.471e-02,1.531e-02,1.620e-02,1.670e-02,1.735e-02,1.788e-02,1.858e-02,1.897e-02,1.957e-02,2.004e-02,2.063e-02,2.102e-02,2.161e-02,2.204e-02,2.262e-02,2.305e-02,2.365e-02,2.410e-02,2.470e-02,2.515e-02,2.575e-02,2.620e-02,2.677e-02,2.719e-02,2.772e-02,2.809e-02,2.855e-02,2.884e-02,2.920e-02,2.940e-02,2.965e-02,2.973e-02,2.985e-02,2.979e-02,2.977e-02,2.957e-02,2.939e-02,2.903e-02,2.870e-02,2.820e-02,2.772e-02,2.708e-02,2.648e-02,2.572e-02,2.501e-02,2.416e-02,2.336e-02,2.245e-02,2.159e-02,2.063e-02,1.974e-02,1.876e-02,1.787e-02,1.690e-02,1.604e-02,1.511e-02,1.430e-02,1.344e-02,1.270e-02,1.192e-02,1.126e-02,1.058e-02,1.002e-02,9.436e-03,8.969e-03,8.484e-03,8.112e-03,7.722e-03,7.439e-03,7.135e-03,6.929e-03,6.694e-03,6.545e-03,6.360e-03,6.247e-03,6.090e-03,5.996e-03,5.851e-03,5.760e-03,5.615e-03,5.519e-03,5.368e-03,5.264e-03,5.106e-03,4.994e-03,4.830e-03,4.713e-03,4.546e-03,4.426e-03,4.259e-03,4.139e-03,3.972e-03,3.852e-03,3.687e-03,3.568e-03,3.406e-03,3.290e-03,3.133e-03,3.024e-03,2.876e-03,2.776e-03,2.639e-03,2.550e-03,2.423e-03,2.342e-03,2.224e-03,2.149e-03,2.036e-03,1.965e-03,1.858e-03,1.791e-03,1.686e-03,1.623e-03,1.522e-03,1.461e-03,1.363e-03,1.305e-03,1.211e-03,1.157e-03,1.066e-03,1.017e-03,9.310e-04,8.869e-04,8.051e-04,7.657e-04,6.880e-04,6.531e-04,5.792e-04,5.492e-04,4.790e-04,4.536e-04,3.871e-04,3.659e-04,3.029e-04,2.873e-04,2.291e-04,2.195e-04,1.672e-04,1.642e-04,1.170e-04,1.199e-04,7.803e-05,8.533e-05,4.771e-05,5.990e-05,2.522e-05,3.858e-05,8.782e-06,2.405e-05,-6.726e-06,1.327e-05,-9.341e-06,4.353e-06,-1.309e-05,1.173e-05,-2.188e-05,-5.935e-06,-3.073e-06,-5.908e-06,-3.752e-05,3.156e-05,-1.392e-06,-5.936e-05,2.547e-05
-1.368e-04,5.566e-05,1.082e-04,-3.140e-04,-7.076e-06,2.992e-04,-4.143e-04,-7.794e-04,1.076e-03,-4.958e-04,-2.607e-03,1.114e-03,-3.227e-03,1.092e-02,7.780e-02,nan,nan,nan,nan,nan,nan,nan,nan,nan,-4.064e-03,-2.191e-04,6.176e-03,1.118e-02,1.323e-02,1.409e-02,1.531e-02,1.647e-02,1.753e-02,1.815e-02,1.916e-02,1.985e-02,2.077e-02,2.129e-02,2.214e-02,2.263e-02,2.337e-02,2.377e-02,2.447e-02,2.484e-02,2.545e-02,2.583e-02,2.645e-02,2.683e-02,2.745e-02,2.788e-02,2.852e-02,2.896e-02,2.960e-02,3.005e-02,3.066e-02,3.108e-02,3.163e-02,3.198e-02,3.245e-02,3.271e-02,3.306e-02,3.321e-02,3.344e-02,3.347e-02,3.356e-02,3.345e-02,3.340e-02,3.314e-02,3.293e-02,3.252e-02,3.215e-02,3.159e-02,3.107e-02,3.037e-02,2.972e-02,2.890e-02,2.814e-02,2.724e-02,2.641e-02,2.545e-02,2.457e-02,2.359e-02,2.268e-02,2.168e-02,2.077e-02,1.978e-02,1.887e-02,1.790e-02,1.701e-02,1.608e-02,1.524e-02,1.436e-02,1.358e-02,1.278e-02,1.209e-02,1.137e-02,1.076e-02,1.014e-02,9.622e-03,9.100e-03,8.676e-03,8.253e-03,7.923e-03,7.595e-03,7.353e-03,7.109e-03,6.940e-03,6.761e-03,6.641e-03,6.503e-03,6.410e-03,6.289e-03,6.202e-03,6.080e-03,5.985e-03,5.852e-03,5.743e-03,5.594e-03,5.471e-03,5.310e-03,5.175e-03,5.006e-03,4.866e-03,4.693e-03,4.551e-03,4.378e-03,4.236e-03,4.064e-03,3.924e-03,3.754e-03,3.617e-03,3.453e-03,3.323e-03,3.169e-03,3.049e-03,2.907e-03,2.798e-03,2.669e-03,2.570e-03,2.451e-03,2.361e-03,2.249e-03,2.164e-03,2.058e-03,1.978e-03,1.877e-03,1.801e-03,1.704e-03,1.631e-03,1.537e-03,1.468e-03,1.377e-03,1.312e-03,1.224e-03,1.162e-03,1.077e-03,1.020e-03,9.389e-04,8.862e-04,8.082e-04,7.600e-04,6.856e-04,6.426e-04,5.719e-04,5.342e-04,4.668e-04,4.335e-04,3.693e-04,3.415e-04,2.816e-04,2.607e-04,2.065e-04,1.931e-04,1.450e-04,1.389e-04,9.658e-05,9.783e-05,6.125e-05,6.828e-05,3.732e-05,4.792e-05,1.951e-05,3.406e-05,8.461e-06,2.185e-05,3.093e-06,1.946e-05,-2.527e-06,1.614e-05,-1.316e-06,-2.698e-06,-1.393e-05,1.324e-05,-2.182e-05,-1.360e-05,1.766e-05,-8.014e-06,-5.898e-05
-3.602e-05,-2.571e-04,2.391e-04,1.167e-04,-6.067e-04,1.105e-04,8.366e-04,-1.373e-03,-7.258e-04,2.275e-03,-1.833e-03,-1.368e-03,-1.954e-03,3.687e-03,2.490e-02,1.002e-01,nan,nan,nan,nan,nan,nan,nan,1.143e-02,6.704e-03,9.280e-03,1.756e-02,2.067e-02,2.102e-02,2.138e-02,2.229e-02,2.250e-02,2.296e-02,2.329e-02,2.418e-02,2.471e-02,2.552e-02,2.597e-02,2.694e-02,2.733e-02,2.803e-02,2.834e-02,2.901e-02,2.917e-02,2.967e-02,2.984e-02,3.031e-02,3.046e-02,3.094e-02,3.116e-02,3.168e-02,3.195e-02,3.251e-02,3.282e-02,3.336e-02,3.366e-02,3.415e-02,3.438e-02,3.477e-02,3.491e-02,3.517e-02,3.519e-02,3.531e-02,3.518e-02,3.515e-02,3.488e-02,3.468e-02,3.425e-02,3.389e-02,3.329e-02,3.276e-02,3.202e-02,3.133e-02,3.045e-02,2.964e-02,2.866e-02,2.776e-02,2.672e-02,2.579e-02,2.473e-02,2.379e-02,2.275e-02,2.183e-02,2.083e-02,1.994e-02,1.897e-02,1.811e-02,1.719e-02,1.637e-02,1.549e-02,1.471e-02,1.389e-02,1.316e-02,1.240e-02,1.173e-02,1.105e-02,1.045e-02,9.840e-03,9.312e-03,8.787e-03,8.338e-03,7.900e-03,7.536e-03,7.191e-03,6.915e-03,6.662e-03,6.469e-03,6.297e-03,6.170e-03,6.055e-03,5.970e-03,5.887e-03,5.818e-03,5.740e-03,5.667e-03,5.578e-03,5.488e-03,5.381e-03,5.271e-03,5.146e-03,5.020e-03,4.881e-03,4.743e-03,4.596e-03,4.453e-03,4.303e-03,4.157e-03,4.005e-03,3.858e-03,3.706e-03,3.561e-03,3.413e-03,3.272e-03,3.132e-03,3.001e-03,2.873e-03,2.753e-03,2.638e-03,2.530e-03,2.426e-03,2.328e-03,2.235e-03,2.144e-03,2.057e-03,1.971e-03,1.889e-03,1.806e-03,1.726e-03,1.645e-03,1.567e-03,1.487e-03,1.410e-03,1.333e-03,1.257e-03,1.183e-03,1.110e-03,1.040e-03,9.709e-04,9.055e-04,8.393e-04,7.788e-04,7.160e-04,6.605e-04,6.013e-04,5.511e-04,4.944e-04,4.490e-04,3.953e-04,3.556e-04,3.063e-04,2.746e-04,2.304e-04,2.065e-04,1.680e-04,1.510e-04,1.163e-04,1.064e-04,7.651e-05,7.100e-05,4.595e-05,4.619e-05,2.208e-05,2.509e-05,9.075e-06,1.097e-05,-4.112e-06,1.128e-05,-1.806e-06,-2.799e-06,1.683e-06,4.609e-06,-2.707e-05,1.585e-06,1.977e-05,-3.291e-05,-1.097e-05,6.775e-05,-5.182e-05
1.382e-04,-1.132e-04,-2.099e-04,2.687e-04,3.402e-05,-6.920e-04,3.520e-04,5.307e-04,-1.406e-03,3.996e-04,-4.563e-04,6.284e-04,3.343e-03,-6.016e-03,9.018e-05,3.542e-02,8.301e-02,1.084e-01,1.042e-01,nan,7.448e-02,5.824e-02,4.757e-02,3.650e-02,2.944e-02,3.184e-02,3.549e-02,3.502e-02,3.464e-02,3.415e-02,3.316e-02,3.151e-02,3.076e-02,3.028e-02,3.028e-02,3.034e-02,3.088e-02,3.128e-02,3.196e-02,3.230e-02,3.293e-02,3.314e-02,3.357e-02,3.356e-02,3.385e-02,3.371e-02,3.387e-02,3.370e-02,3.385e-02,3.372e-02,3.392e-02,3.390e-02,3.418e-02,3.424e-02,3.458e-02,3.468e-02,3.501e-02,3.510e-02,3.536e-02,3.538e-02,3.554e-02,3.544e-02,3.545e-02,3.521e-02,3.506e-02,3.467e-02,3.434e-02,3.378e-02,3.327e-02,3.253e-02,3.185e-02,3.095e-02,3.011e-02,2.907e-02,2.812e-02,2.700e-02,2.598e-02,2.483e-02,2.381e-02,2.269e-02,2.170e-02,2.064e-02,1.972e-02,1.873e-02,1.789e-02,1.698e-02,1.620e-02,1.537e-02,1.464e-02,1.387e-02,1.318e-02,1.246e-02,1.182e-02,1.115e-02,1.056e-02,9.950e-03,9.411e-03,8.863e-03,8.380e-03,7.897e-03,7.472e-03,7.057e-03,6.694e-03,6.352e-03,6.059e-03,5.799e-03,5.582e-03,5.402e-03,5.257e-03,5.148e-03,5.058e-03,4.997e-03,4.939e-03,4.899e-03,4.847e-03,4.806e-03,4.741e-03,4.684e-03,4.599e-03,4.522e-03,4.416e-03,4.320e-03,4.199e-03,4.091e-03,3.961e-03,3.847e-03,3.712e-03,3.595e-03,3.457e-03,3.339e-03,3.201e-03,3.084e-03,2.949e-03,2.839e-03,2.710e-03,2.609e-03,2.489e-03,2.399e-03,2.289e-03,2.210e-03,2.110e-03,2.040e-03,1.946e-03,1.884e-03,1.795e-03,1.738e-03,1.652e-03,1.598e-03,1.514e-03,1.462e-03,1.380e-03,1.329e-03,1.247e-03,1.197e-03,1.117e-03,1.067e-03,9.895e-04,9.419e-04,8.670e-04,8.213e-04,7.501e-04,7.068e-04,6.401e-04,5.998e-04,5.379e-04,4.994e-04,4.415e-04,4.044e-04,3.511e-04,3.171e-04,2.707e-04,2.405e-04,2.017e-04,1.758e-04,1.441e-04,1.225e-04,9.792e-05,8.152e-05,6.464e-05,5.202e-05,4.140e-05,3.407e-05,2.430e-05,2.041e-05,1.674e-05,1.220e-05,9.649e-06,1.931e-05,7.040e-06,4.239e-06,1.069e-05,4.985e-06,-2.479e-05,1.878e-05,1.419e-05,-3.665e-05,3.446e-06,6.402e-05
-5.527e-06,2.428e-04,-2.594e-04,-2.367e-04,5.652e-04,-2.193e-04,-8.646e-04,9.853e-04,-2.052e-04,-4.746e-04,2.675e-04,-1.810e-03,3.893e-03,2.502e-03,-2.790e-03,-1.922e-03,1.327e-02,4.840e-02,7.571e-02,9.317e-02,9.316e-02,8.280e-02,6.856e-02,6.024e-02,5.635e-02,5.565e-02,5.327e-02,5.237e-02,5.145e-02,4.904e-02,4.557e-02,4.260e-02,4.015e-02,3.827e-02,3.697e-02,3.643e-02,3.634e-02,3.661e-02,3.688e-02,3.721e-02,3.754e-02,3.771e-02,3.778e-02,3.768e-02,3.757e-02,3.722e-02,3.694e-02,3.650e-02,3.618e-02,3.574e-02,3.549e-02,3.515e-02,3.501e-02,3.479e-02,3.477e-02,3.465e-02,3.471e-02,3.463e-02,3.468e-02,3.458e-02,3.457e-02,3.438e-02,3.425e-02,3.393e-02,3.364e-02,3.316e-02,3.269e-02,3.203e-02,3.138e-02,3.053e-02,2.970e-02,2.870e-02,2.772e-02,2.659e-02,2.552e-02,2.433e-02,2.323e-02,2.204e-02,2.097e-02,1.983e-02,1.883e-02,1.779e-02,1.689e-02,1.595e-02,1.516e-02,1.433e-02,1.364e-02,1.290e-02,1.229e-02,1.163e-02,1.108e-02,1.048e-02,9.964e-03,9.418e-03,8.940e-03,8.439e-03,7.996e-03,7.540e-03,7.134e-03,6.723e-03,6.353e-03,5.986e-03,5.654e-03,5.337e-03,5.049e-03,4.791e-03,4.561e-03,4.373e-03,4.208e-03,4.091e-03,3.986e-03,3.929e-03,3.868e-03,3.848e-03,3.806e-03,3.798e-03,3.755e-03,3.741e-03,3.682e-03,3.652e-03,3.574e-03,3.526e-03,3.431e-03,3.369e-03,3.263e-03,3.192e-03,3.078e-03,3.002e-03,2.883e-03,2.804e-03,2.682e-03,2.602e-03,2.480e-03,2.402e-03,2.284e-03,2.212e-03,2.099e-03,2.036e-03,1.931e-03,1.879e-03,1.782e-03,1.739e-03,1.650e-03,1.615e-03,1.530e-03,1.501e-03,1.419e-03,1.392e-03,1.310e-03,1.285e-03,1.201e-03,1.175e-03,1.090e-03,1.064e-03,9.783e-04,9.528e-04,8.687e-04,8.446e-04,7.629e-04,7.408e-04,6.621e-04,6.419e-04,5.673e-04,5.493e-04,4.783e-04,4.618e-04,3.939e-04,3.777e-04,3.143e-04,3.009e-04,2.436e-04,2.339e-04,1.840e-04,1.765e-04,1.328e-04,1.282e-04,8.928e-05,8.736e-05,5.649e-05,5.700e-05,2.941e-05,3.652e-05,1.251e-05,1.711e-05,5.939e-07,1.416e-05,-1.091e-05,1.222e-05,4.565e-06,3.439e-06,-1.833e-05,2.837e-05,-1.971e-05,-1.655e-05,2.945e-05,2.668e-05,-8.267e-05,6.988e-05
-2.162e-04,8.895e-05,2.038e-04,-3.727e-04,-8.510e-05,5.952e-04,-6.243e-04,-2.332e-05,2.282e-04,-5.981e-04,1.843e-03,-6.423e-04,-2.801e-03,3.391e-03,3.846e-03,-5.212e-04,-2.182e-03,5.875e-04,1.742e-02,3.967e-02,5.247e-02,5.922e-02,6.068e-02,6.200e-02,6.176e-02,6.183e-02,6.092e-02,6.104e-02,5.879e-02,5.602e-02,5.248e-02,4.937e-02,4.575e-02,4.306e-02,4.104e-02,4.022e-02,3.965e-02,3.980e-02,3.988e-02,4.030e-02,4.034e-02,4.047e-02,4.023e-02,4.001e-02,3.946e-02,3.895e-02,3.824e-02,3.759e-02,3.684e-02,3.620e-02,3.554e-02,3.497e-02,3.445e-02,3.402e-02,3.365e-02,3.334e-02,3.310e-02,3.286e-02,3.268e-02,3.246e-02,3.226e-02,3.199e-02,3.170e-02,3.131e-02,3.089e-02,3.034e-02,2.974e-02,2.901e-02,2.824e-02,2.733e-02,2.639e-02,2.534e-02,2.427e-02,2.312e-02,2.199e-02,2.082e-02,1.970e-02,1.856e-02,1.751e-02,1.645e-02,1.551e-02,1.455e-02,1.373e-02,1.289e-02,1.218e-02,1.146e-02,1.087e-02,1.025e-02,9.743e-03,9.213e-03,8.773e-03,8.306e-03,7.911e-03,7.489e-03,7.124e-03,6.737e-03,6.397e-03,6.042e-03,5.727e-03,5.406e-03,5.115e-03,4.826e-03,4.558e-03,4.298e-03,4.052e-03,3.825e-03,3.610e-03,3.428e-03,3.257e-03,3.132e-03,3.012e-03,2.945e-03,2.872e-03,2.852e-03,2.809e-03,2.814e-03,2.782e-03,2.791e-03,2.752e-03,2.753e-03,2.698e-03,2.685e-03,2.614e-03,2.587e-03,2.504e-03,2.468e-03,2.377e-03,2.336e-03,2.240e-03,2.195e-03,2.096e-03,2.050e-03,1.950e-03,1.905e-03,1.806e-03,1.764e-03,1.667e-03,1.631e-03,1.538e-03,1.509e-03,1.420e-03,1.399e-03,1.315e-03,1.301e-03,1.220e-03,1.212e-03,1.133e-03,1.130e-03,1.051e-03,1.051e-03,9.717e-04,9.722e-04,8.915e-04,8.918e-04,8.092e-04,8.091e-04,7.257e-04,7.257e-04,6.428e-04,6.435e-04,5.618e-04,5.640e-04,4.851e-04,4.889e-04,4.131e-04,4.179e-04,3.435e-04,3.477e-04,2.763e-04,2.810e-04,2.142e-04,2.212e-04,1.595e-04,1.679e-04,1.114e-04,1.211e-04,7.063e-05,8.321e-05,3.957e-05,5.781e-05,1.932e-05,3.931e-05,8.035e-06,2.964e-05,-4.901e-06,2.698e-05,-2.248e-06,2.047e-05,1.453e-06,3.653e-05,-2.078e-05,2.017e-05,1.080e-05,1.344e-06,-3.420e-05,7.906e-05,-2.809e-05,-5.572e-05
-3.784e-05,-2.491e-04,2.313e-04,1.865e-04,-5.903e-04,3.645e-04,1.687e-04,-4.191e-04,5.185e-04,-7.239e-04,-3.879e-05,2.434e-03,-1.130e-03,-9.029e-04,-6.580e-04,1.410e-03,4.602e-03,1.434e-04,-1.874e-03,1.201e-03,1.152e-02,2.363e-02,3.122e-02,3.751e-02,4.219e-02,4.654e-02,4.887e-02,4.982e-02,4.882e-02,4.819e-02,4.623e-02,4.403e-02,4.133e-02,3.963e-02,3.804e-02,3.748e-02,3.717e-02,3.770e-02,3.806e-02,3.877e-02,3.892e-02,3.920e-02,3.887e-02,3.860e-02,3.782e-02,3.719e-02,3.620e-02,3.542e-02,3.443e-02,3.370e-02,3.282e-02,3.219e-02,3.147e-02,3.098e-02,3.042e-02,3.004e-02,2.960e-02,2.930e-02,2.895e-02,2.867e-02,2.833e-02,2.801e-02,2.761e-02,2.719e-02,2.668e-02,2.612e-02,2.545e-02,2.473e-02,2.390e-02,2.301e-02,2.205e-02,2.104e-02,1.998e-02,1.891e-02,1.783e-02,1.676e-02,1.572e-02,1.472e-02,1.377e-02,1.287e-02,1.204e-02,1.125e-02,1.053e-02,9.849e-03,9.251e-03,8.668e-03,8.173e-03,7.686e-03,7.281e-03,6.876e-03,6.541e-03,6.200e-03,5.914e-03,5.617e-03,5.360e-03,5.092e-03,4.852e-03,4.603e-03,4.376e-03,4.144e-03,3.929e-03,3.715e-03,3.512e-03,3.314e-03,3.120e-03,2.937e-03,2.755e-03,2.596e-03,2.438e-03,2.316e-03,2.194e-03,2.120e-03,2.039e-03,2.010e-03,1.962e-03,1.965e-03,1.935e-03,1.952e-03,1.925e-03,1.942e-03,1.907e-03,1.916e-03,1.869e-03,1.869e-03,1.811e-03,1.803e-03,1.736e-03,1.723e-03,1.650e-03,1.633e-03,1.557e-03,1.537e-03,1.458e-03,1.438e-03,1.357e-03,1.338e-03,1.257e-03,1.240e-03,1.161e-03,1.149e-03,1.073e-03,1.069e-03,9.951e-04,9.980e-04,9.272e-04,9.364e-04,8.668e-04,8.809e-04,8.106e-04,8.274e-04,7.547e-04,7.722e-04,6.958e-04,7.126e-04,6.329e-04,6.494e-04,5.680e-04,5.853e-04,5.040e-04,5.224e-04,4.419e-04,4.619e-04,3.830e-04,4.046e-04,3.279e-04,3.496e-04,2.734e-04,2.945e-04,2.198e-04,2.412e-04,1.714e-04,1.944e-04,1.284e-04,1.530e-04,9.065e-05,1.137e-04,5.646e-05,8.159e-05,2.711e-05,5.652e-05,9.330e-06,3.659e-05,-7.277e-06,2.856e-05,-1.982e-05,1.477e-05,-1.416e-05,2.047e-05,-2.766e-05,3.510e-05,-9.902e-06,-2.207e-06,-1.312e-05,5.524e-05,-6.102e-05,2.199e-05,6.544e-05,-2.803e-05
1.823e-04,-1.047e-04,-2.396e-04,4.107e-04,-1.955e-04,-1.910e-04,3.259e-04,-3.946e-04,4.012e-04,6.728e-04,-1.583e-03,5.357e-04,1.701e-03,2.658e-04,-5.596e-04,-1.452e-03,-7.996e-04,2.566e-03,2.211e-03,-8.312e-04,-4.678e-04,1.795e-03,6.586e-03,1.290e-02,1.767e-02,2.193e-02,2.501e-02,2.750e-02,2.875e-02,2.943e-02,2.895e-02,2.873e-02,2.810e-02,2.781e-02,2.728e-02,2.758e-02,2.803e-02,2.914e-02,3.003e-02,3.123e-02,3.190e-02,3.258e-02,3.253e-02,3.247e-02,3.181e-02,3.126e-02,3.027e-02,2.954e-02,2.854e-02,2.785e-02,2.699e-02,2.644e-02,2.575e-02,2.533e-02,2.479e-02,2.449e-02,2.405e-02,2.379e-02,2.341e-02,2.317e-02,2.279e-02,2.251e-02,2.208e-02,2.171e-02,2.120e-02,2.071e-02,2.007e-02,1.943e-02,1.866e-02,1.790e-02,1.702e-02,1.616e-02,1.523e-02,1.433e-02,1.340e-02,1.253e-02,1.166e-02,1.086e-02,1.008e-02,9.391e-03,8.721e-03,8.131e-03,7.568e-03,7.069e-03,6.602e-03,6.183e-03,5.800e-03,5.453e-03,5.143e-03,4.860e-03,4.610e-03,4.379e-03,4.173e-03,3.979e-03,3.801e-03,3.628e-03,3.463e-03,3.302e-03,3.145e-03,2.993e-03,2.845e-03,2.703e-03,2.564e-03,2.432e-03,2.298e-03,2.172e-03,2.037e-03,1.917e-03,1.788e-03,1.684e-03,1.574e-03,1.500e-03,1.419e-03,1.382e-03,1.331e-03,1.325e-03,1.295e-03,1.309e-03,1.287e-03,1.307e-03,1.282e-03,1.300e-03,1.267e-03,1.278e-03,1.237e-03,1.242e-03,1.194e-03,1.194e-03,1.142e-03,1.140e-03,1.085e-03,1.083e-03,1.026e-03,1.024e-03,9.656e-04,9.633e-04,9.028e-04,9.015e-04,8.395e-04,8.407e-04,7.782e-04,7.833e-04,7.206e-04,7.305e-04,6.681e-04,6.835e-04,6.215e-04,6.427e-04,5.809e-04,6.073e-04,5.446e-04,5.742e-04,5.087e-04,5.390e-04,4.697e-04,4.998e-04,4.275e-04,4.579e-04,3.837e-04,4.145e-04,3.399e-04,3.717e-04,2.976e-04,3.314e-04,2.586e-04,2.923e-04,2.195e-04,2.517e-04,1.784e-04,2.103e-04,1.396e-04,1.712e-04,1.032e-04,1.348e-04,6.857e-05,9.946e-05,3.670e-05,6.993e-05,1.295e-05,4.837e-05,-2.007e-06,3.787e-05,-1.385e-05,2.905e-05,-1.461e-05,2.209e-05,-2.062e-05,3.919e-05,-1.566e-05,2.687e-05,4.487e-06,3.456e-05,-4.568e-05,5.757e-05,5.972e-06,-2.768e-05,1.595e-06,1.206e-04
2.561e-05,2.589e-04,-3.274e-04,6.554e-05,2.479e-04,-2.728e-04,2.134e-04,3.507e-05,-5.969e-04,1.051e-03,1.808e-04,-9.492e-04,2.128e-04,7.636e-05,1.382e-03,4.722e-04,-1.972e-03,-2.133e-04,5.438e-04,1.476e-03,4.321e-04,-6.585e-04,3.457e-04,1.427e-03,3.043e-03,5.588e-03,7.684e-03,9.623e-03,1.084e-02,1.184e-02,1.250e-02,1.332e-02,1.358e-02,1.407e-02,1.449e-02,1.537e-02,1.613e-02,1.739e-02,1.858e-02,2.006e-02,2.110e-02,2.212e-02,2.254e-02,2.287e-02,2.261e-02,2.235e-02,2.168e-02,2.118e-02,2.041e-02,1.992e-02,1.925e-02,1.887e-02,1.835e-02,1.811e-02,1.771e-02,1.756e-02,1.724e-02,1.711e-02,1.682e-02,1.669e-02,1.638e-02,1.620e-02,1.585e-02,1.559e-02,1.517e-02,1.481e-02,1.429e-02,1.383e-02,1.321e-02,1.265e-02,1.196e-02,1.134e-02,1.061e-02,9.965e-03,9.248e-03,8.635e-03,7.969e-03,7.418e-03,6.831e-03,6.362e-03,5.864e-03,5.475e-03,5.061e-03,4.741e-03,4.397e-03,4.132e-03,3.849e-03,3.631e-03,3.401e-03,3.225e-03,3.043e-03,2.905e-03,2.762e-03,2.654e-03,2.537e-03,2.446e-03,2.343e-03,2.258e-03,2.159e-03,2.073e-03,1.974e-03,1.888e-03,1.792e-03,1.709e-03,1.615e-03,1.533e-03,1.438e-03,1.355e-03,1.259e-03,1.180e-03,1.091e-03,1.028e-03,9.563e-04,9.183e-04,8.689e-04,8.563e-04,8.259e-04,8.322e-04,8.130e-04,8.292e-04,8.129e-04,8.314e-04,8.123e-04,8.283e-04,8.041e-04,8.163e-04,7.869e-04,7.956e-04,7.621e-04,7.686e-04,7.323e-04,7.376e-04,6.990e-04,7.036e-04,6.626e-04,6.667e-04,6.228e-04,6.272e-04,5.808e-04,5.869e-04,5.390e-04,5.485e-04,4.998e-04,5.140e-04,4.651e-04,4.846e-04,4.355e-04,4.606e-04,4.108e-04,4.404e-04,3.884e-04,4.204e-04,3.641e-04,3.965e-04,3.356e-04,3.684e-04,3.044e-04,3.384e-04,2.728e-04,3.085e-04,2.422e-04,2.792e-04,2.134e-04,2.522e-04,1.865e-04,2.257e-04,1.591e-04,1.959e-04,1.289e-04,1.659e-04,9.985e-05,1.376e-04,7.505e-05,1.112e-04,4.951e-05,8.663e-05,2.488e-05,6.131e-05,6.713e-06,4.331e-05,-1.128e-05,3.289e-05,-2.047e-05,1.660e-05,-2.650e-05,1.879e-05,-3.981e-05,1.983e-05,-1.258e-05,1.451e-05,-2.987e-05,5.466e-05,-3.586e-05,-4.864e-06,2.765e-05,4.270e-05,-1.015e-04,1.026e-04
-2.219e-04,2.143e-04,1.265e-05,-1.988e-04,2.010e-04,-8.004e-05,-1.242e-04,6.041e-04,-5.444e-04,-2.721e-04,8.843e-04,1.600e-04,-1.692e-04,-3.076e-04,-1.569e-04,6.428e-04,7.008e-04,-9.019e-04,-1.372e-03,6.527e-04,7.205e-04,9.034e-04,2.242e-04,-2.998e-04,1.996e-04,5.012e-04,7.091e-04,1.427e-03,2.133e-03,2.918e-03,3.400e-03,3.898e-03,4.312e-03,5.003e-03,5.476e-03,6.124e-03,6.732e-03,7.723e-03,8.644e-03,9.801e-03,1.075e-02,1.178e-02,1.242e-02,1.298e-02,1.308e-02,1.317e-02,1.290e-02,1.271e-02,1.228e-02,1.205e-02,1.165e-02,1.148e-02,1.117e-02,1.109e-02,1.086e-02,1.085e-02,1.068e-02,1.068e-02,1.051e-02,1.050e-02,1.031e-02,1.025e-02,1.002e-02,9.897e-03,9.604e-03,9.408e-03,9.047e-03,8.775e-03,8.348e-03,8.011e-03,7.535e-03,7.158e-03,6.660e-03,6.272e-03,5.782e-03,5.414e-03,4.958e-03,4.632e-03,4.228e-03,3.957e-03,3.614e-03,3.400e-03,3.116e-03,2.950e-03,2.714e-03,2.582e-03,2.385e-03,2.277e-03,2.114e-03,2.028e-03,1.896e-03,1.830e-03,1.725e-03,1.676e-03,1.593e-03,1.554e-03,1.483e-03,1.447e-03,1.382e-03,1.344e-03,1.280e-03,1.239e-03,1.178e-03,1.137e-03,1.080e-03,1.038e-03,9.783e-04,9.312e-04,8.663e-04,8.145e-04,7.481e-04,7.002e-04,6.419e-04,6.078e-04,5.648e-04,5.488e-04,5.215e-04,5.211e-04,5.047e-04,5.141e-04,5.024e-04,5.152e-04,5.031e-04,5.149e-04,4.998e-04,5.090e-04,4.904e-04,4.974e-04,4.765e-04,4.829e-04,4.612e-04,4.681e-04,4.459e-04,4.536e-04,4.302e-04,4.383e-04,4.123e-04,4.203e-04,3.909e-04,3.990e-04,3.661e-04,3.753e-04,3.391e-04,3.503e-04,3.115e-04,3.264e-04,2.863e-04,3.066e-04,2.665e-04,2.930e-04,2.525e-04,2.835e-04,2.405e-04,2.735e-04,2.266e-04,2.606e-04,2.103e-04,2.451e-04,1.921e-04,2.281e-04,1.731e-04,2.103e-04,1.552e-04,1.941e-04,1.392e-04,1.789e-04,1.223e-04,1.597e-04,1.018e-04,1.377e-04,7.932e-05,1.155e-04,5.790e-05,9.212e-05,3.508e-05,6.902e-05,1.272e-05,4.712e-05,-4.890e-06,3.364e-05,-1.677e-05,2.304e-05,-2.037e-05,1.871e-05,-3.064e-05,2.214e-05,-2.289e-05,1.403e-05,-1.169e-05,4.527e-05,-3.011e-05,3.556e-05,1.559e-05,2.678e-06,-3.848e-05,1.055e-04,-3.944e-05,-5.391e-05
-1.278e-04,-5.363e-05,2.015e-04,-1.109e-04,-1.551e-05,2.412e-04,-3.884e-04,2.829e-04,4.217e-04,-4.830e-04,-8.906e-05,3.210e-04,1.725e-04,4.717e-04,-6.793e-04,-2.924e-04,8.467e-04,3.457e-04,-9.127e-05,-8.766e-04,-5.918e-04,5.664e-04,3.217e-04,4.428e-04,1.418e-04,-1.719e-04,-7.454e-05,4.090e-05,2.166e-05,1.915e-04,3.419e-04,6.351e-04,8.631e-04,1.129e-03,1.281e-03,1.666e-03,1.992e-03,2.444e-03,2.833e-03,3.465e-03,4.032e-03,4.717e-03,5.187e-03,5.696e-03,5.948e-03,6.201e-03,6.178e-03,6.219e-03,6.069e-03,6.042e-03,5.859e-03,5.843e-03,5.699e-03,5.728e-03,5.625e-03,5.690e-03,5.613e-03,5.688e-03,5.615e-03,5.681e-03,5.589e-03,5.620e-03,5.491e-03,5.475e-03,5.303e-03,5.238e-03,5.021e-03,4.909e-03,4.651e-03,4.502e-03,4.215e-03,4.041e-03,3.740e-03,3.559e-03,3.259e-03,3.086e-03,2.802e-03,2.650e-03,2.391e-03,2.267e-03,2.042e-03,1.953e-03,1.763e-03,1.702e-03,1.540e-03,1.498e-03,1.358e-03,1.327e-03,1.208e-03,1.185e-03,1.087e-03,1.073e-03,9.968e-04,9.923e-04,9.338e-04,9.354e-04,8.893e-04,8.916e-04,8.505e-04,8.473e-04,8.052e-04,7.938e-04,7.503e-04,7.334e-04,6.915e-04,6.717e-04,6.308e-04,6.066e-04,5.631e-04,5.331e-04,4.872e-04,4.555e-04,4.127e-04,3.866e-04,3.527e-04,3.368e-04,3.137e-04,3.083e-04,2.945e-04,2.973e-04,2.898e-04,2.974e-04,2.926e-04,3.014e-04,2.963e-04,3.038e-04,2.969e-04,3.026e-04,2.940e-04,2.987e-04,2.890e-04,2.935e-04,2.828e-04,2.875e-04,2.753e-04,2.800e-04,2.654e-04,2.702e-04,2.526e-04,2.578e-04,2.373e-04,2.439e-04,2.207e-04,2.297e-04,2.044e-04,2.170e-04,1.904e-04,2.077e-04,1.802e-04,2.021e-04,1.727e-04,1.974e-04,1.642e-04,1.899e-04,1.526e-04,1.795e-04,1.391e-04,1.680e-04,1.260e-04,1.569e-04,1.136e-04,1.466e-04,1.029e-04,1.375e-04,9.395e-05,1.287e-04,8.274e-05,1.160e-04,6.789e-05,9.904e-05,5.202e-05,8.391e-05,3.628e-05,6.947e-05,2.293e-05,5.263e-05,8.011e-06,3.966e-05,-8.415e-06,2.658e-05,-1.549e-05,1.320e-05,-2.714e-05,1.363e-05,-3.740e-05,4.298e-07,-2.531e-05,6.206e-06,-4.129e-05,3.382e-05,-1.262e-05,-7.281e-06,-4.904e-06,5.642e-05,-7.367e-05,2.563e-05,7.640e-05,-4.917e-05
9.588e-05,-1.309e-04,6.638e-05,7.551e-05,-1.966e-04,3.140e-04,-5.182e-05,-3.446e-04,3.639e-04,2.602e-04,-2.036e-04,-1.317e-05,-9.295e-05,3.518e-04,2.447e-04,-2.097e-04,-7.579e-04,2.777e-04,7.785e-04,-8.490e-05,-1.608e-04,-3.933e-04,-1.786e-04,2.929e-04,-3.426e-05,1.185e-04,8.239e-05,-3.128e-05,-6.701e-05,1.681e-05,1.008e-05,6.526e-05,3.005e-05,1.289e-04,2.171e-04,3.508e-04,3.630e-04,5.076e-04,6.307e-04,8.663e-04,1.020e-03,1.305e-03,1.531e-03,1.847e-03,2.013e-03,2.222e-03,2.285e-03,2.412e-03,2.387e-03,2.443e-03,2.385e-03,2.443e-03,2.388e-03,2.456e-03,2.415e-03,2.499e-03,2.463e-03,2.552e-03,2.520e-03,2.609e-03,2.568e-03,2.639e-03,2.574e-03,2.617e-03,2.523e-03,2.537e-03,2.415e-03,2.402e-03,2.257e-03,2.224e-03,2.062e-03,2.017e-03,1.845e-03,1.794e-03,1.621e-03,1.573e-03,1.404e-03,1.363e-03,1.203e-03,1.176e-03,1.031e-03,1.022e-03,8.959e-04,9.035e-04,7.941e-04,8.104e-04,7.129e-04,7.317e-04,6.449e-04,6.632e-04,5.882e-04,6.062e-04,5.439e-04,5.626e-04,5.125e-04,5.316e-04,4.914e-04,5.096e-04,4.763e-04,4.911e-04,4.609e-04,4.700e-04,4.411e-04,4.453e-04,4.190e-04,4.197e-04,3.952e-04,3.905e-04,3.636e-04,3.508e-04,3.200e-04,3.012e-04,2.703e-04,2.517e-04,2.260e-04,2.125e-04,1.946e-04,1.874e-04,1.769e-04,1.752e-04,1.705e-04,1.722e-04,1.705e-04,1.728e-04,1.712e-04,1.719e-04,1.693e-04,1.687e-04,1.658e-04,1.652e-04,1.630e-04,1.636e-04,1.624e-04,1.647e-04,1.635e-04,1.668e-04,1.643e-04,1.678e-04,1.623e-04,1.656e-04,1.564e-04,1.594e-04,1.460e-04,1.493e-04,1.322e-04,1.371e-04,1.179e-04,1.267e-04,1.072e-04,1.212e-04,1.015e-04,1.197e-04,9.821e-05,1.189e-04,9.467e-05,1.171e-04,9.010e-05,1.141e-04,8.483e-05,1.100e-04,7.899e-05,1.056e-04,7.371e-05,1.023e-04,7.058e-05,9.928e-05,6.587e-05,9.306e-05,5.613e-05,8.104e-05,4.395e-05,6.765e-05,2.964e-05,5.448e-05,1.611e-05,3.897e-05,1.757e-06,2.636e-05,-1.179e-05,1.415e-05,-1.909e-05,9.066e-06,-2.823e-05,6.389e-06,-2.372e-05,3.235e-07,-2.846e-05,2.236e-05,-2.405e-05,1.171e-05,1.298e-05,2.633e-05,-4.020e-05,6.150e-05,7.761e-06,-4.796e-05,3.903e-05,9.845e-05
1.243e-04,2.447e-06,-8.943e-05,2.027e-04,-1.405e-04,-2.583e-05,3.225e-04,-1.254e-04,-2.013e-04,2.387e-04,8.371e-05,1.296e-04,-1.061e-04,-2.664e-04,3.564e-04,4.360e-04,-2.844e-04,-2.490e-04,-3.400e-04,3.574e-04,3.500e-04,-1.888e-04,-4.117e-05,-1.029e-04,-9.552e-05,6.370e-05,-1.469e-04,1.384e-05,5.691e-05,5.849e-05,-2.696e-05,3.082e-05,1.670e-05,7.707e-05,3.822e-05,5.923e-05,5.479e-05,1.350e-04,1.019e-04,1.373e-04,1.402e-04,2.429e-04,2.786e-04,3.901e-04,4.396e-04,5.753e-04,6.201e-04,7.123e-04,7.088e-04,7.843e-04,7.686e-04,8.278e-04,7.996e-04,8.667e-04,8.438e-04,9.120e-04,8.825e-04,9.512e-04,9.238e-04,9.999e-04,9.732e-04,1.046e-03,1.007e-03,1.067e-03,1.013e-03,1.058e-03,9.875e-04,1.021e-03,9.391e-04,9.646e-04,8.745e-04,8.938e-04,7.968e-04,8.128e-04,7.125e-04,7.291e-04,6.280e-04,6.463e-04,5.445e-04,5.659e-04,4.675e-04,4.970e-04,4.069e-04,4.449e-04,3.627e-04,4.039e-04,3.277e-04,3.678e-04,2.983e-04,3.359e-04,2.751e-04,3.107e-04,2.605e-04,2.953e-04,2.558e-04,2.895e-04,2.586e-04,2.900e-04,2.646e-04,2.910e-04,2.671e-04,2.857e-04,2.609e-04,2.719e-04,2.481e-04,2.547e-04,2.338e-04,2.369e-04,2.173e-04,2.149e-04,1.941e-04,1.861e-04,1.650e-04,1.543e-04,1.359e-04,1.258e-04,1.118e-04,1.038e-04,9.522e-05,9.067e-05,8.809e-05,8.702e-05,8.907e-05,8.925e-05,9.294e-05,9.197e-05,9.555e-05,9.311e-05,9.666e-05,9.366e-05,9.761e-05,9.484e-05,9.908e-05,9.677e-05,1.006e-04,9.859e-05,1.010e-04,9.928e-05,9.965e-05,9.822e-05,9.610e-05,9.533e-05,9.068e-05,9.118e-05,8.437e-05,8.707e-05,7.890e-05,8.479e-05,7.568e-05,8.458e-05,7.355e-05,8.400e-05,6.976e-05,8.108e-05,6.386e-05,7.664e-05,5.764e-05,7.269e-05,5.253e-05,6.991e-05,4.906e-05,6.817e-05,4.708e-05,6.809e-05,4.631e-05,6.746e-05,4.416e-05,6.244e-05,3.592e-05,5.330e-05,2.504e-05,4.224e-05,1.681e-05,3.406e-05,7.949e-06,2.880e-05,2.614e-07,1.778e-05,-6.432e-06,9.469e-06,-2.107e-05,5.570e-06,-2.544e-05,-9.836e-06,-2.666e-05,-2.263e-06,-4.476e-05,-6.628e-07,-1.347e-05,-1.274e-05,-2.337e-05,4.625e-05,-3.612e-05,-1.681e-05,4.857e-05,1.847e-06,-8.216e-05,1.224e-04
-8.277e-06,1.139e-04,-1.184e-04,1.006e-04,1.017e-04,-2.154e-04,8.051e-05,2.550e-04,-1.177e-04,-4.145e-05,7.851e-06,1.243e-04,1.885e-04,-9.292e-05,-2.902e-04,1.335e-05,4.701e-04,6.501e-05,-3.982e-04,1.684e-05,-1.056e-04,2.211e-04,7.248e-05,-1.424e-04,2.224e-05,-5.928e-05,-1.094e-04,3.070e-05,-7.305e-05,1.597e-05,4.578e-06,4.895e-05,2.304e-06,3.436e-05,-4.813e-06,6.177e-05,3.254e-05,4.315e-05,-1.316e-06,4.376e-05,1.431e-05,2.953e-05,-1.025e-05,3.966e-05,4.051e-05,9.766e-05,8.728e-05,1.487e-04,1.507e-04,2.050e-04,1.811e-04,2.269e-04,2.093e-04,2.605e-04,2.355e-04,2.833e-04,2.533e-04,2.997e-04,2.684e-04,3.234e-04,2.976e-04,3.564e-04,3.258e-04,3.799e-04,3.400e-04,3.876e-04,3.385e-04,3.814e-04,3.265e-04,3.675e-04,3.076e-04,3.459e-04,2.813e-04,3.189e-04,2.524e-04,2.919e-04,2.248e-04,2.659e-04,1.966e-04,2.383e-04,1.682e-04,2.142e-04,1.485e-04,1.999e-04,1.387e-04,1.913e-04,1.333e-04,1.833e-04,1.284e-04,1.737e-04,1.235e-04,1.640e-04,1.197e-04,1.562e-04,1.182e-04,1.512e-04,1.193e-04,1.492e-04,1.230e-04,1.504e-04,1.287e-04,1.525e-04,1.337e-04,1.530e-04,1.367e-04,1.523e-04,1.387e-04,1.502e-04,1.372e-04,1.423e-04,1.276e-04,1.261e-04,1.102e-04,1.045e-04,9.024e-05,8.332e-05,7.236e-05,6.570e-05,5.902e-05,5.399e-05,5.253e-05,4.951e-05,5.196e-05,4.867e-05,5.202e-05,4.646e-05,4.958e-05,4.236e-05,4.628e-05,3.922e-05,4.509e-05,3.955e-05,4.755e-05,4.375e-05,5.287e-05,5.018e-05,5.889e-05,5.650e-05,6.339e-05,6.067e-05,6.467e-05,6.125e-05,6.181e-05,5.789e-05,5.532e-05,5.196e-05,4.763e-05,4.656e-05,4.186e-05,4.390e-05,3.884e-05,4.334e-05,3.723e-05,4.377e-05,3.635e-05,4.479e-05,3.615e-05,4.614e-05,3.606e-05,4.743e-05,3.596e-05,4.843e-05,3.675e-05,5.062e-05,3.849e-05,5.320e-05,3.955e-05,5.138e-05,3.497e-05,4.468e-05,2.494e-05,3.468e-05,1.659e-05,2.545e-05,7.470e-06,1.988e-05,-8.329e-07,9.148e-06,-8.883e-06,2.307e-06,-2.056e-05,-3.761e-06,-2.010e-05,-7.630e-06,-2.812e-05,1.696e-06,-2.199e-05,-1.102e-05,-8.271e-06,2.024e-05,-2.948e-05,2.510e-05,2.823e-05,-2.310e-05,-6.325e-06,8.359e-05,-6.925e-05,4.837e-06
-7.612e-05,1.141e-04,1.780e-06,-9.177e-05,1.734e-04,5.023e-05,-1.639e-04,9.660e-05,1.101e-04,3.547e-05,-1.350e-05,-1.060e-04,6.338e-05,3.131e-04,-6.712e-05,-2.357e-04,-3.098e-05,1.076e-04,2.441e-04,-1.221e-04,-2.469e-04,1.436e-04,-4.254e-05,7.865e-05,-3.774e-05,-8.595e-05,1.784e-05,-1.242e-05,-5.963e-05,3.365e-05,-9.783e-06,1.473e-05,-1.854e-05,3.563e-05,8.114e-07,3.549e-05,-1.411e-05,2.265e-05,7.576e-06,2.744e-05,-2.501e-05,3.992e-06,-1.655e-05,9.154e-06,-2.604e-05,4.290e-06,-6.018e-06,3.879e-05,1.796e-05,4.926e-05,3.305e-05,7.313e-05,4.857e-05,7.978e-05,5.636e-05,9.216e-05,5.878e-05,8.494e-05,5.023e-05,8.834e-05,6.166e-05,1.055e-04,7.682e-05,1.198e-04,8.592e-05,1.272e-04,8.941e-05,1.309e-04,9.028e-05,1.322e-04,8.860e-05,1.295e-04,8.171e-05,1.220e-04,7.279e-05,1.156e-04,6.602e-05,1.102e-04,5.780e-05,1.013e-04,4.609e-05,9.083e-05,3.698e-05,8.476e-05,3.332e-05,8.117e-05,3.138e-05,7.690e-05,2.988e-05,7.244e-05,3.018e-05,7.031e-05,3.446e-05,7.272e-05,4.335e-05,7.930e-05,5.491e-05,8.755e-05,6.644e-05,9.489e-05,7.552e-05,9.862e-05,7.957e-05,9.699e-05,7.889e-05,9.254e-05,7.729e-05,8.866e-05,7.618e-05,8.429e-05,7.265e-05,7.617e-05,6.444e-05,6.373e-05,5.265e-05,4.898e-05,3.942e-05,3.394e-05,2.733e-05,2.247e-05,2.122e-05,1.866e-05,2.223e-05,1.986e-05,2.504e-05,2.057e-05,2.594e-05,1.967e-05,2.588e-05,1.917e-05,2.685e-05,2.055e-05,2.949e-05,2.360e-05,3.285e-05,2.696e-05,3.554e-05,2.952e-05,3.686e-05,3.087e-05,3.673e-05,3.113e-05,3.564e-05,3.095e-05,3.455e-05,3.144e-05,3.464e-05,3.336e-05,3.585e-05,3.541e-05,3.578e-05,3.495e-05,3.269e-05,3.181e-05,2.792e-05,2.835e-05,2.389e-05,2.637e-05,2.197e-05,2.648e-05,2.193e-05,2.837e-05,2.382e-05,3.132e-05,2.675e-05,3.418e-05,2.712e-05,3.264e-05,2.245e-05,2.441e-05,1.329e-05,1.671e-05,5.245e-06,1.235e-05,4.231e-06,9.556e-06,1.246e-06,8.972e-06,-8.273e-06,5.763e-08,-1.141e-05,-1.124e-05,-2.308e-05,-4.849e-06,-3.245e-05,-1.920e-05,-1.584e-05,-1.856e-05,-4.089e-05,1.514e-05,-1.605e-05,-3.147e-05,2.011e-05,2.507e-05,-7.034e-05,4.520e-05,3.111e-05,-6.500e-05
-3.782e-05,-1.141e-06,1.094e-04,-7.794e-05,-2.850e-05,1.684e-04,-1.895e-05,-6.970e-05,3.499e-05,5.667e-05,9.395e-05,1.137e-07,-1.552e-04,6.757e-06,1.949e-04,1.401e-04,-2.450e-04,-6.549e-05,1.399e-04,2.375e-05,9.582e-05,-1.125e-04,-8.142e-05,1.147e-04,-1.146e-04,-4.907e-06,-4.169e-05,-3.653e-05,2.864e-05,-4.634e-06,-3.877e-05,2.262e-05,-1.051e-05,1.691e-05,-1.373e-05,9.819e-06,-7.054e-06,2.446e-05,-1.846e-05,1.045e-06,-1.744e-05,9.669e-06,-2.537e-05,-8.199e-06,-2.660e-05,5.883e-06,-1.560e-05,5.388e-06,-1.222e-05,2.297e-05,6.553e-06,2.886e-05,7.160e-06,3.966e-05,2.233e-05,4.670e-05,1.545e-05,3.524e-05,5.232e-06,3.391e-05,1.052e-05,4.521e-05,2.026e-05,5.338e-05,2.295e-05,5.427e-05,2.053e-05,5.327e-05,1.831e-05,5.147e-05,1.291e-05,4.507e-05,3.888e-06,3.688e-05,-4.593e-06,3.179e-05,-8.018e-06,3.152e-05,-9.229e-06,3.034e-05,-1.223e-05,2.866e-05,-1.235e-05,3.138e-05,-7.208e-06,3.686e-05,-7.022e-07,4.086e-05,4.254e-06,4.227e-05,7.715e-06,4.225e-05,1.085e-05,4.224e-05,1.416e-05,4.227e-05,1.698e-05,4.210e-05,1.988e-05,4.323e-05,2.479e-05,4.691e-05,3.179e-05,5.204e-05,3.947e-05,5.746e-05,4.705e-05,6.224e-05,5.281e-05,6.376e-05,5.374e-05,5.957e-05,4.873e-05,5.028e-05,3.986e-05,3.855e-05,2.955e-05,2.631e-05,1.994e-05,1.686e-05,1.526e-05,1.357e-05,1.566e-05,1.272e-05,1.514e-05,8.930e-06,1.097e-05,2.687e-06,5.942e-06,-2.180e-06,3.751e-06,-2.784e-06,6.039e-06,1.160e-06,1.177e-05,7.653e-06,1.846e-05,1.413e-05,2.385e-05,1.873e-05,2.658e-05,2.049e-05,2.629e-05,1.949e-05,2.368e-05,1.699e-05,2.056e-05,1.485e-05,1.835e-05,1.351e-05,1.649e-05,1.219e-05,1.467e-05,1.141e-05,1.398e-05,1.228e-05,1.484e-05,1.457e-05,1.677e-05,1.731e-05,1.900e-05,2.066e-05,2.190e-05,2.462e-05,2.618e-05,2.868e-05,2.848e-05,2.981e-05,2.569e-05,2.323e-05,1.820e-05,1.550e-05,8.994e-06,1.106e-05,6.830e-06,6.155e-06,2.561e-06,4.840e-06,-7.877e-06,-5.287e-06,-1.069e-05,-1.115e-05,-2.198e-05,-6.815e-06,-1.688e-05,-1.691e-05,-1.698e-05,4.064e-06,-2.585e-05,-6.350e-06,1.709e-05,-4.791e-06,-2.008e-05,5.532e-05,-1.696e-05,-2.368e-05,6.240e-05,-1.152e-05
4.478e-05,-6.570e-05,7.070e-05,9.697e-05,-8.629e-05,4.222e-06,1.082e-04,3.645e-05,-6.500e-06,-4.389e-05,1.051e-05,1.603e-04,5.114e-05,-1.573e-04,-4.442e-05,1.353e-04,8.073e-05,-6.847e-06,-2.018e-04,4.838e-05,1.224e-04,-4.827e-05,3.249e-05,-4.332e-05,-3.574e-05,2.194e-05,-8.513e-05,1.982e-05,5.293e-06,-5.178e-06,-3.394e-06,1.182e-05,-1.376e-05,3.952e-06,-5.392e-06,9.364e-06,-9.787e-06,6.757e-06,-1.681e-05,1.074e-05,-1.018e-05,-3.848e-06,-2.329e-05,4.081e-06,-1.312e-05,4.928e-07,-1.677e-05,9.628e-06,-6.091e-07,1.803e-05,-1.798e-06,2.156e-05,1.137e-05,3.342e-05,1.343e-05,3.322e-05,1.043e-05,2.207e-05,-8.335e-06,1.180e-05,-5.601e-06,2.356e-05,3.041e-06,2.791e-05,2.502e-06,2.847e-05,2.845e-06,3.088e-05,4.211e-06,3.284e-05,3.074e-06,2.970e-05,-3.598e-06,2.305e-05,-1.045e-05,1.865e-05,-1.376e-05,1.776e-05,-1.506e-05,1.609e-05,-1.889e-05,1.225e-05,-2.199e-05,1.093e-05,-2.166e-05,1.133e-05,-2.049e-05,1.086e-05,-1.986e-05,9.843e-06,-1.801e-05,1.118e-05,-1.225e-05,1.683e-05,-2.500e-06,2.535e-05,8.286e-06,3.339e-05,1.711e-05,3.895e-05,2.300e-05,4.154e-05,2.572e-05,4.110e-05,2.593e-05,3.925e-05,2.608e-05,3.837e-05,2.754e-05,3.832e-05,2.870e-05,3.663e-05,2.713e-05,3.163e-05,2.214e-05,2.336e-05,1.413e-05,1.265e-05,5.173e-06,3.678e-06,1.008e-06,1.436e-06,2.936e-06,2.695e-06,4.940e-06,1.865e-06,4.041e-06,-9.710e-07,2.354e-06,-2.945e-06,2.420e-06,-2.383e-06,4.790e-06,1.988e-07,8.103e-06,3.004e-06,1.060e-05,4.630e-06,1.148e-05,4.896e-06,1.124e-05,4.721e-06,1.122e-05,5.579e-06,1.295e-05,8.615e-06,1.696e-05,1.334e-05,2.143e-05,1.663e-05,2.266e-05,1.559e-05,1.947e-05,1.131e-05,1.459e-05,7.101e-06,1.103e-05,5.247e-06,1.000e-05,6.061e-06,1.160e-05,9.078e-06,1.503e-05,1.372e-05,1.909e-05,1.741e-05,2.126e-05,1.699e-05,1.695e-05,1.099e-05,8.440e-06,2.655e-06,3.538e-06,1.249e-06,2.492e-06,5.083e-06,3.854e-06,1.250e-06,8.159e-07,-3.090e-06,-1.371e-05,-6.552e-06,-1.551e-05,-2.191e-05,-1.567e-05,-1.114e-05,-3.840e-05,-1.027e-05,-9.535e-06,-3.825e-05,-1.314e-05,2.411e-05,-4.671e-05,2.900e-07,3.917e-05,-3.975e-05,-5.868e-06,5.037e-05
7.036e-05,2.983e-06,-4.847e-05,7.977e-05,3.897e-05,-4.627e-05,1.824e-05,3.304e-05,3.772e-05,2.735e-05,-5.977e-05,-2.681e-05,9.958e-05,8.928e-05,-7.559e-05,-1.019e-04,1.096e-04,8.299e-05,-2.255e-05,1.389e-05,-1.050e-04,9.211e-05,4.033e-05,-8.448e-05,2.044e-05,-5.758e-05,-2.619e-05,2.790e-05,-6.466e-05,2.397e-05,-4.472e-07,-1.999e-05,-6.617e-06,1.159e-06,-1.466e-05,3.568e-06,-1.550e-05,-6.611e-07,-5.700e-06,3.312e-07,-1.932e-05,-1.525e-06,-1.145e-05,-5.146e-06,-2.245e-05,-5.781e-06,-1.238e-05,1.276e-06,-1.381e-05,1.534e-06,-3.777e-06,1.468e-05,1.270e-06,1.817e-05,1.295e-05,3.334e-05,1.335e-05,1.898e-05,-1.485e-06,1.808e-05,6.704e-06,2.960e-05,1.503e-05,3.478e-05,1.344e-05,3.047e-05,8.306e-06,2.870e-05,5.999e-06,2.516e-05,-1.408e-06,1.613e-05,-1.270e-05,5.215e-06,-2.278e-05,-1.556e-06,-2.710e-05,-2.981e-06,-2.760e-05,-2.705e-06,-2.789e-05,-2.546e-06,-2.650e-05,9.819e-07,-2.080e-05,7.250e-06,-1.408e-05,1.226e-05,-9.416e-06,1.449e-05,-6.853e-06,1.526e-05,-4.598e-06,1.614e-05,-2.397e-06,1.634e-05,-1.675e-06,1.502e-05,-2.046e-06,1.395e-05,-8.544e-07,1.566e-05,3.585e-06,2.049e-05,1.055e-05,2.702e-05,1.836e-05,3.330e-05,2.481e-05,3.694e-05,2.763e-05,3.618e-05,2.596e-05,3.127e-05,2.095e-05,2.376e-05,1.398e-05,1.484e-05,6.865e-06,7.909e-06,4.118e-06,6.429e-06,5.474e-06,5.951e-06,4.414e-06,1.229e-06,-1.029e-06,-6.290e-06,-7.262e-06,-1.228e-05,-1.034e-05,-1.380e-05,-8.697e-06,-1.073e-05,-3.517e-06,-5.251e-06,2.519e-06,-1.051e-07,7.055e-06,2.956e-06,9.174e-06,3.744e-06,9.406e-06,3.207e-06,9.028e-06,2.623e-06,9.170e-06,2.599e-06,9.538e-06,2.020e-06,8.626e-06,-6.848e-08,6.576e-06,-2.109e-06,5.473e-06,-2.257e-06,6.490e-06,-2.804e-07,8.913e-06,3.001e-06,1.224e-05,6.880e-06,1.647e-05,1.199e-05,2.091e-05,1.685e-05,2.461e-05,1.798e-05,2.265e-05,1.468e-05,1.496e-05,7.149e-06,1.094e-05,4.085e-06,7.180e-06,7.289e-06,5.989e-06,-5.255e-07,2.727e-06,-3.493e-06,-1.338e-05,-7.268e-06,-8.468e-06,-1.764e-05,-1.459e-05,-1.413e-07,-1.948e-05,-1.641e-05,3.429e-06,-5.449e-06,-2.617e-05,2.443e-05,4.295e-06,-2.057e-05,3.309e-05,1.294e-05,-3.349e-05,5.029e-05
1.120e-05,7.291e-05,-2.669e-05,-2.371e-05,8.211e-05,4.710e-05,-9.844e-06,-2.114e-05,1.896e-05,8.861e-05,5.437e-05,-7.616e-05,-5.028e-05,1.020e-04,7.953e-05,-3.483e-05,-7.742e-05,-1.545e-05,1.158e-04,3.432e-06,-6.339e-05,4.112e-05,-2.804e-05,3.374e-05,-2.976e-05,-5.069e-05,1.588e-05,-7.727e-06,-1.132e-05,1.343e-05,-2.031e-05,3.681e-06,-5.912e-06,-1.451e-07,-1.759e-05,1.683e-06,-8.408e-06,-2.431e-06,-9.458e-06,-1.763e-06,-7.523e-06,3.367e-06,-1.020e-05,-3.178e-06,-6.184e-06,3.917e-06,-7.744e-06,1.131e-06,-2.079e-06,1.064e-05,1.860e-06,1.018e-05,4.789e-06,2.115e-05,1.539e-05,2.455e-05,9.919e-06,1.431e-05,-3.437e-06,7.011e-06,-2.889e-07,1.935e-05,1.015e-05,2.407e-05,8.551e-06,2.237e-05,8.151e-06,2.552e-05,1.142e-05,2.754e-05,9.000e-06,2.220e-05,1.197e-06,1.413e-05,-7.054e-06,7.434e-06,-1.204e-05,4.620e-06,-1.425e-05,2.368e-06,-1.731e-05,-7.476e-07,-1.987e-05,-2.164e-06,-1.997e-05,-1.758e-06,-1.918e-05,-1.826e-06,-1.928e-05,-2.642e-06,-1.874e-05,-1.281e-06,-1.447e-05,4.389e-06,-6.407e-06,1.241e-05,2.036e-06,1.921e-05,7.968e-06,2.305e-05,1.083e-05,2.411e-05,1.122e-05,2.317e-05,1.034e-05,2.178e-05,1.003e-05,2.155e-05,1.119e-05,2.233e-05,1.269e-05,2.233e-05,1.259e-05,1.996e-05,9.854e-06,1.473e-05,4.346e-06,7.049e-06,-2.199e-06,7.489e-07,-4.573e-06,5.662e-08,-2.282e-06,1.233e-06,-1.219e-06,-5.592e-07,-3.319e-06,-4.309e-06,-5.843e-06,-6.873e-06,-6.237e-06,-6.787e-06,-4.271e-06,-4.928e-06,-1.575e-06,-3.274e-06,-1.508e-08,-3.288e-06,-3.507e-07,-4.935e-06,-1.618e-06,-6.496e-06,-1.526e-06,-5.623e-06,1.935e-06,-1.191e-06,8.637e-06,5.131e-06,1.530e-05,9.060e-06,1.751e-05,7.560e-06,1.440e-05,2.216e-06,9.146e-06,-3.012e-06,5.371e-06,-5.488e-06,4.703e-06,-4.527e-06,6.969e-06,-6.791e-07,1.151e-05,4.600e-06,1.647e-05,9.327e-06,1.877e-05,1.013e-05,1.633e-05,5.095e-06,9.261e-06,2.641e-08,4.519e-06,-1.254e-07,7.379e-06,2.848e-06,8.082e-06,5.220e-06,2.243e-06,-2.486e-06,-1.490e-06,-1.156e-05,-1.372e-05,-6.199e-06,-2.102e-05,-2.055e-05,-5.594e-06,-2.398e-05,-3.110e-05,8.431e-06,-2.647e-05,-2.805e-05,2.294e-05,-1.165e-05,-2.717e-05,3.597e-05,-1.280e-05,-9.400e-06
-4.255e-05,2.137e-05,5.621e-05,-1.212e-05,-4.608e-06,1.433e-05,2.659e-05,3.508e-05,-1.352e-05,-4.781e-05,3.951e-05,7.676e-05,-1.109e-05,-7.653e-05,2.210e-05,1.040e-04,-5.129e-06,-1.525e-05,-1.438e-05,-1.160e-06,9.806e-05,-4.279e-05,-3.189e-05,5.618e-05,-7.458e-05,1.739e-05,-2.700e-05,-3.194e-05,3.489e-05,-2.940e-05,-2.152e-05,1.880e-05,-3.056e-05,-6.353e-08,-6.920e-06,-8.594e-06,-1.049e-05,-2.066e-07,-1.314e-05,-1.421e-06,-7.511e-06,-5.854e-06,-1.172e-05,-1.664e-06,-1.074e-05,-8.049e-06,-1.235e-05,-3.393e-06,-8.408e-06,-3.200e-06,-8.004e-06,2.737e-06,2.017e-06,1.135e-05,8.372e-06,2.070e-05,1.562e-05,1.769e-05,4.647e-06,1.476e-05,1.454e-05,3.037e-05,2.393e-05,3.213e-05,2.020e-05,2.819e-05,1.632e-05,2.540e-05,1.297e-05,2.146e-05,6.095e-06,1.181e-05,-5.667e-06,7.184e-07,-1.506e-05,-6.301e-06,-2.010e-05,-9.048e-06,-2.109e-05,-8.849e-06,-2.064e-05,-7.874e-06,-1.861e-05,-4.144e-06,-1.337e-05,1.943e-06,-7.258e-06,7.210e-06,-3.211e-06,9.669e-06,-1.778e-06,1.026e-05,-1.214e-06,1.047e-05,-1.280e-06,9.399e-06,-3.240e-06,6.546e-06,-6.295e-06,3.988e-06,-7.604e-06,4.480e-06,-5.125e-06,8.822e-06,7.907e-07,1.562e-05,8.117e-06,2.238e-05,1.420e-05,2.656e-05,1.700e-05,2.685e-05,1.603e-05,2.367e-05,1.239e-05,1.839e-05,7.319e-06,1.221e-05,2.498e-06,7.931e-06,1.324e-06,7.687e-06,2.640e-06,6.990e-06,7.311e-07,1.765e-06,-5.351e-06,-5.978e-06,-1.186e-05,-1.205e-05,-1.515e-05,-1.392e-05,-1.402e-05,-1.177e-05,-9.794e-06,-7.731e-06,-4.955e-06,-4.326e-06,-1.644e-06,-3.039e-06,-3.949e-07,-3.479e-06,-1.965e-09,-4.073e-06,1.105e-06,-3.653e-06,3.369e-06,-2.646e-06,5.392e-06,-2.963e-06,5.191e-06,-5.552e-06,3.120e-06,-8.718e-06,1.549e-06,-9.982e-06,2.101e-06,-8.648e-06,4.866e-06,-5.362e-06,8.883e-06,-4.387e-07,1.385e-05,5.094e-06,1.943e-05,1.050e-05,2.266e-05,1.376e-05,2.255e-05,1.078e-05,1.850e-05,7.910e-06,1.248e-05,7.349e-06,1.461e-05,4.978e-06,1.169e-05,8.414e-06,1.960e-06,-2.760e-06,4.330e-06,-9.952e-06,-1.301e-05,1.895e-06,-9.529e-06,-1.974e-05,3.383e-06,-1.349e-06,-2.633e-05,8.679e-06,7.005e-06,-2.132e-05,1.445e-05,2.026e-05,-2.095e-05,2.990e-05,1.880e-05,-3.113e-05
4.990e-06,-1.613e-05,4.165e-05,3.702e-05,-3.357e-06,-2.889e-06,3.052e-05,4.580e-05,2.847e-05,-2.720e-05,-1.301e-05,5.506e-05,5.715e-05,-2.504e-05,-3.690e-05,1.631e-05,5.063e-05,2.936e-05,-4.734e-05,5.948e-06,2.832e-05,-2.418e-06,1.243e-05,-1.937e-05,-1.708e-05,6.714e-06,-3.078e-05,6.088e-06,-1.131e-05,-7.083e-06,-7.183e-06,-7.332e-06,-1.770e-05,-3.665e-06,-1.113e-05,-7.341e-06,-1.430e-05,-1.151e-06,-1.036e-05,-2.017e-06,-8.716e-06,-1.222e-07,-3.761e-06,1.398e-06,-5.678e-06,2.764e-06,8.849e-07,4.487e-06,-1.598e-06,6.085e-06,5.200e-06,1.002e-05,4.459e-06,1.154e-05,1.270e-05,1.987e-05,1.068e-05,9.669e-06,3.084e-06,1.077e-05,8.108e-06,1.698e-05,1.489e-05,2.285e-05,1.558e-05,2.029e-05,1.450e-05,2.337e-05,1.786e-05,2.368e-05,1.452e-05,1.852e-05,8.054e-06,1.107e-05,3.592e-07,4.437e-06,-4.736e-06,6.688e-07,-7.753e-06,-1.814e-06,-1.008e-05,-3.795e-06,-1.178e-05,-4.620e-06,-1.206e-05,-4.197e-06,-1.183e-05,-4.015e-06,-1.233e-05,-4.355e-06,-1.247e-05,-3.008e-06,-9.726e-06,1.705e-06,-4.096e-06,8.106e-06,1.668e-06,1.334e-05,5.313e-06,1.605e-05,6.367e-06,1.639e-05,5.463e-06,1.526e-05,3.874e-06,1.412e-05,3.129e-06,1.415e-05,3.832e-06,1.517e-05,5.081e-06,1.579e-05,5.298e-06,1.463e-05,3.532e-06,1.130e-05,-1.482e-07,6.500e-06,-4.125e-06,3.023e-06,-5.061e-06,3.111e-06,-3.467e-06,3.492e-06,-3.674e-06,1.042e-06,-6.418e-06,-2.741e-06,-8.968e-06,-5.018e-06,-9.217e-06,-4.909e-06,-7.529e-06,-3.795e-06,-5.790e-06,-3.640e-06,-5.595e-06,-5.491e-06,-7.226e-06,-8.829e-06,-9.249e-06,-1.145e-05,-8.941e-06,-1.066e-05,-4.226e-06,-5.578e-06,4.107e-06,1.328e-06,1.197e-05,5.286e-06,1.478e-05,3.327e-06,1.167e-05,-2.966e-06,5.928e-06,-9.392e-06,1.650e-06,-1.256e-05,1.034e-06,-1.146e-05,4.185e-06,-6.814e-06,9.696e-06,-3.889e-07,1.534e-05,5.031e-06,1.868e-05,7.271e-06,1.755e-05,5.643e-06,1.344e-05,2.691e-06,1.126e-05,3.935e-06,1.195e-05,7.442e-06,1.300e-05,6.051e-06,9.457e-06,2.234e-06,-1.040e-06,-3.731e-06,-5.276e-06,-1.462e-05,-8.846e-06,-9.827e-06,-2.292e-05,-8.381e-06,-8.494e-06,-2.581e-05,-3.421e-06,1.767e-06,-2.451e-05,8.552e-06,8.476e-06,-1.378e-05,1.418e-05,5.301e-06
5.671e-05,4.482e-06,-2.246e-05,7.355e-06,3.209e-05,3.007e-05,-8.962e-06,-5.001e-05,1.847e-05,7.376e-05,2.568e-06,-7.930e-05,-1.381e-05,8.838e-05,3.669e-05,-5.626e-05,-8.296e-06,1.828e-05,4.796e-05,3.253e-05,-8.172e-05,4.961e-05,2.230e-05,-4.572e-05,3.193e-05,-4.448e-05,-6.407e-06,2.636e-05,-6.008e-05,2.164e-05,-1.161e-05,-2.812e-05,6.925e-06,-1.184e-05,-2.107e-05,4.638e-06,-1.214e-05,-6.901e-06,-8.333e-06,-1.949e-06,-1.028e-05,-1.150e-06,-9.499e-06,-4.916e-06,-7.238e-06,-2.788e-06,-1.088e-05,-4.375e-06,-5.980e-06,-1.718e-06,-6.609e-06,-2.182e-07,5.015e-09,7.602e-06,5.686e-06,1.212e-05,1.211e-05,1.788e-05,1.350e-05,1.875e-05,2.021e-05,2.893e-05,2.617e-05,2.833e-05,2.307e-05,2.541e-05,1.954e-05,2.022e-05,1.378e-05,1.417e-05,6.690e-06,5.222e-06,-2.764e-06,-3.508e-06,-9.951e-06,-9.409e-06,-1.429e-05,-1.203e-05,-1.520e-05,-1.154e-05,-1.381e-05,-9.031e-06,-1.049e-05,-4.318e-06,-5.304e-06,1.731e-06,1.034e-07,7.046e-06,3.738e-06,1.005e-05,4.831e-06,1.075e-05,3.919e-06,9.630e-06,1.117e-06,6.474e-06,-3.640e-06,1.909e-06,-8.790e-06,-1.713e-06,-1.158e-05,-1.822e-06,-1.008e-05,2.392e-06,-4.654e-06,9.410e-06,2.390e-06,1.640e-05,8.186e-06,2.083e-05,1.087e-05,2.168e-05,1.022e-05,1.951e-05,7.376e-06,1.590e-05,4.031e-06,1.256e-05,1.845e-06,1.105e-05,1.883e-06,1.118e-05,2.095e-06,9.477e-06,-1.032e-06,3.907e-06,-7.319e-06,-3.349e-06,-1.340e-05,-8.731e-06,-1.629e-05,-1.043e-05,-1.548e-05,-9.129e-06,-1.243e-05,-6.785e-06,-9.171e-06,-5.263e-06,-7.116e-06,-5.414e-06,-6.342e-06,-6.576e-06,-5.557e-06,-7.162e-06,-3.348e-06,-6.315e-06,1.673e-07,-5.049e-06,3.004e-06,-5.550e-06,3.180e-06,-8.724e-06,9.492e-07,-1.287e-05,-1.291e-06,-1.543e-05,-1.278e-06,-1.482e-05,1.430e-06,-1.115e-05,6.420e-06,-5.626e-06,1.251e-05,1.172e-06,1.807e-05,7.268e-06,2.288e-05,1.095e-05,2.401e-05,1.336e-05,2.204e-05,1.167e-05,2.220e-05,1.137e-05,1.764e-05,1.428e-05,1.623e-05,5.048e-06,1.444e-05,5.759e-06,-3.738e-06,2.215e-06,5.426e-06,-1.714e-05,-2.073e-06,9.119e-06,-2.074e-05,-4.488e-06,1.881e-05,-1.830e-05,-1.659e-06,2.798e-05,-1.523e-05,9.198e-06,3.269e-05,-1.909e-05,1.539e-05,4.453e-05
